app_key,person_id,channel,applied_at,is_reapplication,source_ref,tracker_row,screened_on,outcome,first_contact_on
A00000,250,job_board,2026-01-01T18:28:58+05:30,False,JB-100001,3,2026-01-02,rejected,
A00001,265,referral,2026-01-01T11:24:25+05:30,False,RF0001,28,2026-01-07,rejected,
A00002,737,email,2026-01-01T14:39:33+05:30,False,<cand-00001@mail.gmail.com>,,,,
A00003,1250,careers,2026-01-01T13:46:53+05:30,False,5001,4,2026-01-02,rejected,
A00004,1297,job_board,2026-01-01T19:18:43+05:30,False,JB-100002,5,2026-01-02,rejected,
A00005,1458,job_board,2026-01-01T18:03:26+05:30,False,JB-100003,6,2026-01-02,rejected,
A00006,1520,whatsapp,2026-01-01T20:46:21+05:30,False,919399328911@2026-01-01T20:46,,,,
W0001,682,walk_in,2026-01-01T08:09:09+05:30,False,,2,2026-01-01,rejected,
A00008,242,whatsapp,2026-01-02T16:09:07+05:30,False,917102075870@2026-01-02T16:09,61,2026-01-12,rejected,
A00009,463,referral,2026-01-02T09:36:04+05:30,False,RF0002,7,2026-01-05,rejected,
A00010,638,whatsapp,2026-01-02T13:07:26+05:30,False,918860819743@2026-01-02T13:07,48,2026-01-12,rejected,
A00011,836,job_board,2026-01-02T09:14:14+05:30,False,JB-100004,8,2026-01-05,rejected,
A00012,1137,job_board,2026-01-02T14:43:53+05:30,False,JB-100005,9,2026-01-05,rejected,
A00013,1639,whatsapp,2026-01-02T15:48:00+05:30,False,918625348502@2026-01-02T15:48,,,,
A00014,1836,referral,2026-01-02T22:31:09+05:30,False,RF0003,46,2026-01-09,rejected,
A00015,36,referral,2026-01-03T21:50:35+05:30,False,RF0004,10,2026-01-05,rejected,
A00016,201,whatsapp,2026-01-03T11:29:04+05:30,False,917509268543@2026-01-03T11:29,78,2026-01-14,rejected,
A00017,212,job_board,2026-01-03T12:45:03+05:30,False,JB-100006,12,2026-01-05,rejected_after_call,2026-01-09
A00018,285,job_board,2026-01-03T14:55:10+05:30,False,JB-100007,13,2026-01-05,rejected,
A00019,552,careers,2026-01-03T08:41:02+05:30,False,5002,14,2026-01-05,rejected,
A00020,636,job_board,2026-01-03T18:55:51+05:30,False,JB-100008,15,2026-01-05,rejected,
A00021,890,job_board,2026-01-03T16:38:23+05:30,False,JB-100009,16,2026-01-05,rejected,
A00022,1228,job_board,2026-01-03T19:58:28+05:30,False,JB-100010,17,2026-01-05,hired,2026-01-20
A00023,1497,referral,2026-01-03T18:47:09+05:30,False,RF0005,11,2026-01-05,rejected,
A00024,137,careers,2026-01-04T18:18:50+05:30,False,5003,18,2026-01-05,shortlisted,2026-01-18
A00025,1807,whatsapp,2026-01-04T19:06:30+05:30,False,918394624310@2026-01-04T19:06,,,,
A00026,1887,whatsapp,2026-01-04T11:58:08+05:30,False,917399009809@2026-01-04T11:58,19,2026-01-05,rejected,
A00027,101,job_board,2026-01-05T12:40:52+05:30,False,JB-100011,20,2026-01-06,rejected,
A00028,104,referral,2026-01-05T14:09:26+05:30,False,RF0006,49,2026-01-12,rejected,
A00029,223,job_board,2026-01-05T09:09:35+05:30,False,JB-100012,21,2026-01-06,rejected,
A00030,264,job_board,2026-01-05T12:19:29+05:30,False,JB-100013,22,2026-01-06,rejected,
A00031,633,job_board,2026-01-05T22:38:05+05:30,False,JB-100014,23,2026-01-06,rejected,
A00032,792,job_board,2026-01-05T10:09:59+05:30,False,JB-100015,24,2026-01-06,rejected_after_call,2026-01-16
A00033,1193,email,2026-01-05T20:34:23+05:30,False,<cand-00002@mail.gmail.com>,55,2026-01-12,rejected,
A00034,1444,whatsapp,2026-01-05T15:16:43+05:30,False,916979304031@2026-01-05T15:16,62,2026-01-12,rejected,
A00035,1707,email,2026-01-05T20:03:35+05:30,False,<cand-00003@mail.gmail.com>,92,2026-01-16,rejected,
A00036,1773,job_board,2026-01-05T08:14:36+05:30,False,JB-100016,25,2026-01-06,rejected,
A00037,1908,job_board,2026-01-05T08:30:56+05:30,False,JB-100017,26,2026-01-06,hired,2026-01-21
A00038,1910,whatsapp,2026-01-05T08:00:17+05:30,False,918934109941@2026-01-05T08:00,36,2026-01-08,rejected_after_call,2026-01-19
A00039,1945,job_board,2026-01-05T11:53:53+05:30,False,JB-100018,27,2026-01-06,hired,2026-01-19
A00040,139,job_board,2026-01-06T14:42:50+05:30,False,JB-100019,29,2026-01-07,rejected,
A00041,410,careers,2026-01-06T23:53:28+05:30,False,5004,30,2026-01-07,rejected,
A00042,712,job_board,2026-01-06T22:48:46+05:30,False,JB-100020,31,2026-01-07,rejected,
A00043,820,job_board,2026-01-06T22:29:10+05:30,False,JB-100021,32,2026-01-07,rejected_after_call,2026-01-17
A00044,1214,job_board,2026-01-06T18:11:47+05:30,False,JB-100022,33,2026-01-07,rejected,
A00045,1713,job_board,2026-01-06T09:44:06+05:30,False,JB-100023,34,2026-01-07,rejected,
A00046,1796,email,2026-01-06T08:31:55+05:30,False,<cand-00004@mail.gmail.com>,56,2026-01-12,shortlisted,2026-01-26
A00047,293,job_board,2026-01-07T08:34:15+05:30,False,JB-100024,37,2026-01-08,rejected,
A00048,585,job_board,2026-01-07T18:51:23+05:30,False,JB-100025,38,2026-01-08,rejected,
A00049,635,careers,2026-01-07T21:10:14+05:30,False,5005,39,2026-01-08,rejected,
A00050,718,job_board,2026-01-07T21:51:20+05:30,False,JB-100026,40,2026-01-08,shortlisted,2026-01-22
A00051,877,referral,2026-01-07T14:42:54+05:30,False,RF0007,41,2026-01-08,rejected,
A00052,1158,whatsapp,2026-01-07T10:50:27+05:30,False,918596263143@2026-01-07T10:50,71,2026-01-13,rejected,
A00053,1720,referral,2026-01-07T21:10:47+05:30,False,RF0008,85,2026-01-15,rejected,
A00054,1792,job_board,2026-01-07T13:30:19+05:30,False,JB-100027,42,2026-01-08,rejected,
A00055,1804,job_board,2026-01-07T17:48:35+05:30,False,JB-100028,43,2026-01-08,rejected,
A00056,397,referral,2026-01-08T08:18:31+05:30,False,RF0009,44,2026-01-08,rejected,
A00057,612,referral,2026-01-08T23:27:53+05:30,False,RF0010,79,2026-01-14,rejected,
A00058,803,whatsapp,2026-01-08T15:46:48+05:30,False,918381669192@2026-01-08T15:46,,,,
A00059,1264,job_board,2026-01-08T23:24:01+05:30,False,JB-100029,47,2026-01-09,rejected_after_call,2026-01-24
W0002,583,walk_in,2026-01-08T10:23:06+05:30,False,,35,2026-01-08,rejected,
A00061,12,careers,2026-01-09T18:16:39+05:30,False,5006,50,2026-01-12,rejected,
A00062,404,whatsapp,2026-01-09T14:58:29+05:30,False,916914488003@2026-01-09T14:58,,,,
A00063,659,job_board,2026-01-09T17:09:30+05:30,False,JB-100030,51,2026-01-12,rejected,
A00064,918,whatsapp,2026-01-09T17:20:07+05:30,False,919377773168@2026-01-09T17:20,80,2026-01-14,rejected,
A00065,1098,referral,2026-01-09T23:37:21+05:30,False,RF0011,52,2026-01-12,rejected,
A00066,1278,job_board,2026-01-09T19:15:28+05:30,False,JB-100031,53,2026-01-12,rejected,
A00067,1353,email,2026-01-09T19:58:37+05:30,False,<cand-00005@mail.gmail.com>,,,,
A00068,1415,job_board,2026-01-09T21:00:58+05:30,False,JB-100032,54,2026-01-12,rejected,
A00069,1524,whatsapp,2026-01-09T08:34:55+05:30,False,916247725907@2026-01-09T08:34,101,2026-01-19,shortlisted,2026-01-28
A00070,1531,referral,2026-01-09T18:56:24+05:30,False,RF0012,,,,
A00071,1788,whatsapp,2026-01-09T18:13:09+05:30,False,916459915507@2026-01-09T18:13,,,,
W0003,346,walk_in,2026-01-09T20:49:43+05:30,False,,45,2026-01-09,rejected,
A00073,179,job_board,2026-01-10T23:55:24+05:30,False,JB-100033,57,2026-01-12,rejected,
A00074,588,careers,2026-01-10T13:11:29+05:30,False,5007,58,2026-01-12,shortlisted,2026-01-28
A00075,1047,referral,2026-01-10T11:49:50+05:30,False,RF0013,,,,
A00076,1170,whatsapp,2026-01-10T08:48:32+05:30,False,917389522826@2026-01-10T08:48,,,,
A00077,1616,careers,2026-01-10T17:24:19+05:30,False,5008,59,2026-01-12,rejected,
A00078,52,job_board,2026-01-11T15:59:21+05:30,False,JB-100034,63,2026-01-12,rejected,
A00079,260,whatsapp,2026-01-11T17:27:06+05:30,False,916613060782@2026-01-11T17:27,102,2026-01-19,rejected,
A00080,440,careers,2026-01-11T20:31:49+05:30,False,5009,64,2026-01-12,rejected,
A00081,613,careers,2026-01-11T20:32:32+05:30,False,5010,65,,,
A00082,676,careers,2026-01-11T10:34:14+05:30,False,5011,66,2026-01-12,rejected,
A00083,705,whatsapp,2026-01-11T10:23:15+05:30,False,916333577683@2026-01-11T10:23,60,2026-01-12,rejected,
A00084,906,job_board,2026-01-11T15:15:10+05:30,False,JB-100035,67,2026-01-12,shortlisted,2026-01-18
A00085,1173,job_board,2026-01-11T22:53:28+05:30,False,JB-100036,68,2026-01-12,rejected,
A00086,1519,whatsapp,2026-01-11T16:00:53+05:30,False,916070798845@2026-01-11T16:00,131,2026-01-21,rejected_after_call,2026-01-25
A00087,1566,email,2026-01-11T22:35:24+05:30,False,<cand-00006@mail.gmail.com>,103,2026-01-19,rejected_after_call,2026-02-02
A00088,1662,job_board,2026-01-11T20:23:32+05:30,False,JB-100037,69,2026-01-12,rejected,
A00089,7,careers,2026-01-12T16:41:53+05:30,False,5012,72,2026-01-13,shortlisted,2026-01-26
A00090,54,whatsapp,2026-01-12T16:07:47+05:30,False,918756755656@2026-01-12T16:07,93,2026-01-16,rejected,
A00091,351,careers,2026-01-12T08:28:12+05:30,False,5013,73,,,
A00092,765,whatsapp,2026-01-12T19:02:59+05:30,False,918444611503@2026-01-12T19:02,144,2026-01-23,rejected,
A00093,795,referral,2026-01-12T13:26:31+05:30,False,RF0014,153,2026-01-26,rejected_after_call,2026-02-09
A00094,855,whatsapp,2026-01-12T12:54:18+05:30,False,916150175137@2026-01-12T12:54,113,2026-01-19,rejected,
A00095,861,referral,2026-01-12T19:33:29+05:30,False,RF0015,,,,
A00096,1475,referral,2026-01-12T18:44:33+05:30,False,RF0016,,,,
A00097,1487,job_board,2026-01-12T21:00:01+05:30,False,JB-100038,74,2026-01-13,shortlisted,2026-01-16
A00098,1538,job_board,2026-01-12T19:27:36+05:30,False,JB-100039,75,2026-01-13,hired,2026-01-23
A00099,1776,careers,2026-01-12T17:42:09+05:30,False,5014,76,2026-01-13,rejected,
A00100,118,email,2026-01-13T20:31:58+05:30,False,<cand-00007@mail.gmail.com>,77,,,
A00101,341,job_board,2026-01-13T18:45:34+05:30,False,JB-100040,81,2026-01-14,rejected,
A00102,451,referral,2026-01-13T19:37:35+05:30,False,RF0017,,,,
A00103,477,job_board,2026-01-13T19:46:22+05:30,False,JB-100041,82,2026-01-14,rejected_after_call,2026-01-16
A00104,929,whatsapp,2026-01-13T18:47:18+05:30,False,916216303920@2026-01-13T18:47,145,2026-01-23,rejected,
A00105,1124,email,2026-01-13T14:41:13+05:30,False,<cand-00008@mail.gmail.com>,,,,
A00106,1276,job_board,2026-01-13T11:12:42+05:30,False,JB-100042,83,2026-01-14,rejected,
A00107,1647,job_board,2026-01-13T18:21:07+05:30,False,JB-100043,84,2026-01-14,shortlisted,2026-01-16
W0004,376,walk_in,2026-01-13T11:09:33+05:30,False,,70,2026-01-13,rejected,
A00109,24,careers,2026-01-14T21:41:20+05:30,False,5015,86,2026-01-15,rejected,
A00110,50,job_board,2026-01-14T14:11:00+05:30,False,JB-100044,87,2026-01-15,rejected,
A00111,225,referral,2026-01-14T21:23:54+05:30,False,RF0018,175,2026-01-26,rejected,
A00112,492,whatsapp,2026-01-14T16:42:12+05:30,False,918285343024@2026-01-14T16:42,,,,
A00113,608,job_board,2026-01-14T21:23:52+05:30,False,JB-100045,88,2026-01-15,rejected,
A00114,759,email,2026-01-14T09:23:14+05:30,False,<cand-00009@mail.gmail.com>,,,,
A00115,966,job_board,2026-01-14T22:31:48+05:30,False,JB-100046,89,2026-01-15,rejected,
A00116,1016,careers,2026-01-14T10:30:12+05:30,False,5016,90,2026-01-15,rejected,
A00117,1922,job_board,2026-01-14T15:26:45+05:30,False,JB-100047,91,2026-01-15,rejected,
A00118,44,referral,2026-01-15T19:46:07+05:30,False,RF0019,139,2026-01-22,rejected,
A00119,229,whatsapp,2026-01-15T17:38:48+05:30,False,916588919815@2026-01-15T17:38,,,,
A00120,514,job_board,2026-01-15T14:11:26+05:30,False,JB-100048,94,2026-01-16,rejected,
A00121,584,job_board,2026-01-15T20:33:04+05:30,False,JB-100049,95,2026-01-16,rejected,
A00122,690,job_board,2026-01-15T11:51:50+05:30,False,JB-100050,96,2026-01-16,rejected_after_call,2026-01-25
A00123,1140,careers,2026-01-15T16:35:25+05:30,False,5017,97,2026-01-16,rejected,
A00124,1258,referral,2026-01-15T08:12:13+05:30,False,RF0020,,,,
A00125,1819,careers,2026-01-15T21:24:38+05:30,False,5018,98,2026-01-16,rejected,
A00126,1849,job_board,2026-01-15T23:33:30+05:30,False,JB-100051,99,2026-01-16,shortlisted,2026-02-01
A00127,1852,email,2026-01-15T17:05:24+05:30,False,<cand-00010@mail.gmail.com>,154,2026-01-26,hired,2026-02-05
A00128,8,job_board,2026-01-16T11:21:53+05:30,False,JB-100052,104,2026-01-19,rejected,
A00129,222,referral,2026-01-16T11:13:44+05:30,False,RF0021,105,2026-01-19,rejected,
A00130,246,careers,2026-01-16T16:00:18+05:30,False,5019,106,2026-01-19,shortlisted,2026-01-25
A00131,312,careers,2026-01-16T16:51:33+05:30,False,5020,107,2026-01-19,rejected,
A00132,697,referral,2026-01-16T20:09:28+05:30,False,RF0022,100,2026-01-16,shortlisted,2026-01-27
A00133,824,careers,2026-01-16T14:35:07+05:30,False,5021,108,2026-01-19,rejected,
A00134,1126,job_board,2026-01-16T18:09:58+05:30,False,JB-100053,109,2026-01-19,rejected,
A00135,1164,job_board,2026-01-16T19:07:43+05:30,False,JB-100054,110,2026-01-19,rejected,
A00136,1438,careers,2026-01-16T22:11:28+05:30,False,5022,111,2026-01-19,rejected_after_call,2026-01-31
A00137,178,job_board,2026-01-17T22:35:24+05:30,False,JB-100055,114,2026-01-19,rejected,
A00138,381,job_board,2026-01-17T12:17:14+05:30,False,JB-100056,115,2026-01-19,rejected,
A00139,390,referral,2026-01-17T12:48:42+05:30,False,RF0023,188,2026-01-29,shortlisted,2026-02-12
A00140,474,careers,2026-01-17T15:53:25+05:30,False,5023,116,2026-01-19,shortlisted,2026-01-31
A00141,670,whatsapp,2026-01-17T09:58:51+05:30,False,919917755435@2026-01-17T09:58,117,2026-01-19,rejected,
A00142,732,job_board,2026-01-17T10:45:59+05:30,False,JB-100057,118,2026-01-19,shortlisted,2026-01-22
A00143,900,whatsapp,2026-01-17T11:27:09+05:30,False,916217505746@2026-01-17T11:27,176,2026-01-26,shortlisted,2026-01-31
A00144,933,referral,2026-01-17T22:12:33+05:30,False,RF0024,112,2026-01-19,rejected,
A00145,1123,careers,2026-01-17T21:05:19+05:30,False,5024,119,2026-01-19,rejected,
A00146,1286,email,2026-01-17T19:29:14+05:30,False,<cand-00011@mail.gmail.com>,,,,
A00147,1848,careers,2026-01-17T13:18:32+05:30,False,5025,120,2026-01-19,rejected,
A00148,200,referral,2026-01-18T23:45:24+05:30,False,RF0025,,,,
A00149,668,referral,2026-01-18T11:22:33+05:30,False,RF0026,,,,
A00150,1412,email,2026-01-18T18:54:00+05:30,False,<cand-00012@mail.gmail.com>,121,2026-01-20,rejected,
A00151,10,whatsapp,2026-01-19T19:37:21+05:30,False,917014118859@2026-01-19T19:37,132,2026-01-21,rejected,
A00152,19,job_board,2026-01-19T19:23:51+05:30,False,JB-100058,122,,,
A00153,416,job_board,2026-01-19T23:04:08+05:30,False,JB-100059,123,2026-01-20,rejected,
A00154,430,careers,2026-01-19T16:20:25+05:30,False,5026,124,2026-01-20,rejected,
A00155,597,careers,2026-01-19T13:57:27+05:30,False,5027,125,2026-01-20,rejected,
A00156,671,job_board,2026-01-19T08:04:34+05:30,False,JB-100060,126,2026-01-20,rejected,
A00157,831,job_board,2026-01-19T10:37:34+05:30,False,JB-100061,127,2026-01-20,rejected,
A00158,1179,job_board,2026-01-19T11:29:59+05:30,False,JB-100062,128,2026-01-20,rejected,
A00159,1445,careers,2026-01-19T21:14:14+05:30,False,5028,129,2026-01-20,rejected,
A00160,1513,job_board,2026-01-19T16:36:23+05:30,False,JB-100063,130,2026-01-20,rejected,
A00161,1689,email,2026-01-19T17:31:04+05:30,False,<cand-00013@mail.gmail.com>,,,,
A00162,49,whatsapp,2026-01-20T14:37:36+05:30,False,918342172130@2026-01-20T14:37,146,2026-01-23,rejected,
A00163,288,job_board,2026-01-20T10:57:52+05:30,False,JB-100064,133,2026-01-21,rejected,
A00164,545,job_board,2026-01-20T19:19:27+05:30,False,JB-100065,134,2026-01-21,shortlisted,2026-01-25
A00165,873,whatsapp,2026-01-20T20:47:16+05:30,False,917864923949@2026-01-20T20:47,155,2026-01-27,rejected,
A00166,973,careers,2026-01-20T21:05:16+05:30,False,5029,135,2026-01-21,rejected,
A00167,1227,careers,2026-01-20T10:38:35+05:30,False,5030,136,2026-01-21,hired,2026-01-31
A00168,1282,referral,2026-01-20T19:25:21+05:30,False,RF0027,147,2026-01-23,rejected,
A00169,1474,whatsapp,2026-01-20T17:08:10+05:30,False,918957414787@2026-01-20T17:08,160,2026-01-26,rejected,
A00170,1623,job_board,2026-01-20T10:53:09+05:30,False,JB-100066,137,2026-01-21,hired,2026-02-02
A00171,1760,whatsapp,2026-01-20T11:40:41+05:30,False,916643595387@2026-01-20T11:40,,,,
A00172,1886,careers,2026-01-20T19:04:53+05:30,False,5031,138,2026-01-21,rejected,
A00173,821,referral,2026-01-21T19:08:47+05:30,False,RF0028,193,2026-01-30,hired,2026-02-11
A00174,845,referral,2026-01-21T16:22:24+05:30,False,RF0029,197,2026-02-03,shortlisted,2026-02-19
A00175,1142,job_board,2026-01-21T11:24:02+05:30,False,JB-100067,140,2026-01-22,shortlisted,2026-02-05
A00176,1541,careers,2026-01-21T16:45:06+05:30,False,5032,141,2026-01-22,rejected,
A00177,1573,job_board,2026-01-21T21:53:46+05:30,False,JB-100068,142,2026-01-22,rejected,
A00178,1948,referral,2026-01-21T16:26:44+05:30,False,RF0030,143,2026-01-22,rejected,
A00179,145,job_board,2026-01-22T22:31:15+05:30,False,JB-100069,148,2026-01-23,rejected,
A00180,170,email,2026-01-22T15:58:39+05:30,False,<cand-00014@mail.gmail.com>,194,2026-01-30,rejected,
A00181,517,careers,2026-01-22T14:00:12+05:30,False,5033,149,2026-01-23,rejected,
A00182,727,referral,2026-01-22T20:57:34+05:30,False,RF0031,195,2026-01-30,rejected,
A00183,849,whatsapp,2026-01-22T10:25:02+05:30,False,919401713923@2026-01-22T10:25,150,2026-01-23,rejected,
A00184,1177,referral,2026-01-22T11:20:25+05:30,False,RF0032,161,2026-01-26,rejected,
A00185,356,referral,2026-01-23T13:06:39+05:30,False,RF0033,198,2026-02-03,rejected,
A00186,461,job_board,2026-01-23T16:31:47+05:30,False,JB-100070,156,2026-01-27,rejected,
A00187,717,careers,2026-01-23T10:15:16+05:30,False,5034,157,2026-01-27,rejected,
A00188,724,whatsapp,2026-01-23T19:22:26+05:30,False,918426153597@2026-01-23T19:22,235,2026-02-04,rejected,
A00189,848,job_board,2026-01-23T10:17:00+05:30,False,JB-100071,158,2026-01-27,rejected,
A00190,1038,whatsapp,2026-01-23T18:21:02+05:30,False,918226840749@2026-01-23T18:21,,,,
A00191,1048,whatsapp,2026-01-23T21:03:56+05:30,False,918554305037@2026-01-23T21:03,151,2026-01-23,shortlisted,2026-01-30
A00192,1211,email,2026-01-23T14:02:41+05:30,False,<cand-00015@mail.gmail.com>,,,,
A00193,1307,referral,2026-01-23T19:21:49+05:30,False,RF0034,159,,,
A00194,1528,referral,2026-01-23T22:36:44+05:30,False,RF0035,152,2026-01-23,rejected,
A00195,1809,referral,2026-01-23T13:06:01+05:30,False,RF0036,180,2026-01-28,shortlisted,2026-01-30
A00196,1811,whatsapp,2026-01-23T23:45:08+05:30,False,917267120912@2026-01-23T23:45,181,2026-01-28,shortlisted,2026-01-30
A00197,86,careers,2026-01-24T11:19:20+05:30,False,5035,162,2026-01-26,rejected,
A00198,88,job_board,2026-01-24T19:38:22+05:30,False,JB-100072,163,2026-01-26,hired,2026-02-02
A00199,383,job_board,2026-01-24T18:39:08+05:30,False,JB-100073,164,2026-01-26,shortlisted,2026-01-30
A00200,459,careers,2026-01-24T19:56:53+05:30,False,5036,165,2026-01-26,rejected,
A00201,767,careers,2026-01-24T12:16:05+05:30,False,5037,166,2026-01-26,rejected,
A00202,984,job_board,2026-01-24T15:29:23+05:30,False,JB-100074,167,2026-01-26,rejected,
A00203,1178,email,2026-01-24T22:57:34+05:30,False,<cand-00016@mail.gmail.com>,177,2026-01-26,rejected_after_call,2026-01-28
A00204,1302,referral,2026-01-24T22:21:50+05:30,False,RF0037,168,2026-01-26,rejected,
A00205,1308,careers,2026-01-24T09:33:38+05:30,False,5038,169,2026-01-26,shortlisted,2026-02-11
A00206,1318,careers,2026-01-24T22:21:09+05:30,False,5039,170,2026-01-26,rejected,
A00207,1361,whatsapp,2026-01-24T16:02:26+05:30,False,917607236431@2026-01-24T16:02,,,,
A00208,1626,job_board,2026-01-24T10:46:14+05:30,False,JB-100075,171,2026-01-26,rejected,
A00209,1691,job_board,2026-01-24T08:28:09+05:30,False,JB-100076,172,,,
A00210,1911,job_board,2026-01-24T22:04:26+05:30,False,JB-100077,173,2026-01-26,rejected,
A00211,251,job_board,2026-01-25T11:38:31+05:30,False,JB-100078,178,2026-01-26,shortlisted,2026-02-06
A00212,354,referral,2026-01-25T22:21:55+05:30,False,RF0038,242,2026-02-05,rejected,
A00213,400,email,2026-01-25T21:42:04+05:30,False,<cand-00017@mail.gmail.com>,254,2026-02-06,rejected,
A00214,1482,whatsapp,2026-01-25T10:46:22+05:30,False,918887989550@2026-01-25T10:46,,,,
A00215,1835,whatsapp,2026-01-25T21:03:21+05:30,False,918583835478@2026-01-25T21:03,182,2026-01-28,rejected,
A00216,1941,whatsapp,2026-01-25T23:10:05+05:30,False,917152209114@2026-01-25T23:10,218,2026-02-02,rejected,
A00217,398,whatsapp,2026-01-26T17:15:18+05:30,False,916054273549@2026-01-26T17:15,271,2026-02-09,rejected,
A00218,591,whatsapp,2026-01-26T10:33:36+05:30,False,917256641781@2026-01-26T10:33,189,2026-01-29,rejected,
A00219,1185,careers,2026-01-26T17:01:21+05:30,False,5040,179,,,
A00220,1650,referral,2026-01-26T18:27:56+05:30,False,RF0039,243,2026-02-05,rejected,
W0005,1823,walk_in,2026-01-26T19:28:26+05:30,False,,174,2026-01-26,rejected,
A00222,33,job_board,2026-01-27T10:11:06+05:30,False,JB-100079,183,2026-01-28,rejected,
A00223,485,email,2026-01-27T19:09:05+05:30,False,<cand-00018@mail.gmail.com>,236,2026-02-04,rejected,
A00224,948,careers,2026-01-27T20:19:44+05:30,False,5041,184,,,
A00225,1186,job_board,2026-01-27T09:35:15+05:30,False,JB-100080,185,2026-01-28,rejected,
A00226,1203,careers,2026-01-27T23:02:57+05:30,False,5042,186,2026-01-28,rejected,
A00227,1292,job_board,2026-01-27T13:05:52+05:30,False,JB-100081,187,2026-01-28,shortlisted,2026-02-12
A00228,231,job_board,2026-01-28T12:51:55+05:30,False,JB-100082,190,2026-01-29,rejected,
A00229,244,referral,2026-01-28T14:45:38+05:30,False,RF0040,,,,
A00230,314,careers,2026-01-28T15:28:14+05:30,False,5043,191,2026-01-29,rejected,
A00231,344,email,2026-01-28T09:31:22+05:30,False,<cand-00019@mail.gmail.com>,244,,,
A00232,554,job_board,2026-01-28T12:46:26+05:30,False,JB-100083,192,2026-01-29,rejected,
A00233,594,whatsapp,2026-01-28T21:02:08+05:30,False,918880427157@2026-01-28T21:02,,,,
A00234,941,email,2026-01-28T20:48:35+05:30,False,<cand-00020@mail.gmail.com>,,,,
A00235,1035,whatsapp,2026-01-28T10:54:28+05:30,False,917741919960@2026-01-28T10:54,219,2026-02-02,rejected,
A00236,1622,email,2026-01-28T09:43:26+05:30,False,<cand-00021@mail.gmail.com>,,,,
A00237,347,whatsapp,2026-01-29T16:05:21+05:30,False,916919476944@2026-01-29T16:05,,,,
A00238,414,whatsapp,2026-01-29T20:46:40+05:30,False,916218519060@2026-01-29T20:46,281,2026-02-09,rejected,
A00239,747,referral,2026-01-29T13:44:32+05:30,False,RF0041,205,2026-02-02,hired,2026-02-08
A00240,754,job_board,2026-01-29T20:49:13+05:30,False,JB-100084,196,2026-01-30,rejected,
A00241,989,whatsapp,2026-01-29T15:27:09+05:30,False,916526340287@2026-01-29T15:27,237,2026-02-04,rejected,
A00242,1460,whatsapp,2026-01-29T08:33:42+05:30,False,918214008922@2026-01-29T08:33,199,2026-02-03,shortlisted,2026-02-13
A00243,1621,referral,2026-01-29T19:32:51+05:30,False,RF0042,206,2026-02-02,rejected,
A00244,166,job_board,2026-01-30T15:00:03+05:30,False,JB-100085,200,2026-02-03,rejected,
A00245,682,referral,2026-01-30T22:54:37+05:30,False,RF0043,245,2026-02-05,rejected,
A00246,850,careers,2026-01-30T14:34:23+05:30,False,5044,201,2026-02-03,shortlisted,2026-02-10
A00247,930,job_board,2026-01-30T10:09:42+05:30,False,JB-100086,202,2026-02-03,rejected,
A00248,1017,job_board,2026-01-30T22:20:54+05:30,False,JB-100087,203,2026-02-03,shortlisted,2026-02-19
A00249,1295,careers,2026-01-30T10:15:10+05:30,False,5045,204,2026-02-03,rejected,
A00250,130,careers,2026-01-31T16:20:40+05:30,False,5046,207,2026-02-02,rejected,
A00251,385,job_board,2026-01-31T08:14:54+05:30,False,JB-100088,208,2026-02-02,rejected,
A00252,444,careers,2026-01-31T15:05:47+05:30,False,5047,209,,,
A00253,445,job_board,2026-01-31T20:04:49+05:30,False,JB-100089,210,2026-02-02,rejected,
A00254,510,referral,2026-01-31T16:26:40+05:30,False,RF0044,282,2026-02-09,rejected,
A00255,790,job_board,2026-01-31T16:46:51+05:30,False,JB-100090,211,2026-02-02,rejected,
A00256,898,whatsapp,2026-01-31T13:00:28+05:30,False,917048477711@2026-01-31T13:00,220,2026-02-02,rejected_after_call,2026-02-05
A00257,952,careers,2026-01-31T23:38:16+05:30,False,5048,212,2026-02-02,rejected,
A00258,1013,careers,2026-01-31T18:54:32+05:30,False,5049,213,2026-02-02,rejected,
A00259,1073,referral,2026-01-31T21:13:56+05:30,False,RF0045,,,,
A00260,1131,email,2026-01-31T14:05:53+05:30,False,<cand-00022@mail.gmail.com>,306,,,
A00261,1611,job_board,2026-01-31T11:39:20+05:30,False,JB-100091,214,2026-02-02,rejected,
A00262,1701,whatsapp,2026-01-31T10:50:30+05:30,False,918424578090@2026-01-31T10:50,255,2026-02-06,rejected,
A00263,1744,job_board,2026-01-31T10:45:08+05:30,False,JB-100092,215,2026-02-02,shortlisted,2026-02-05
A00264,1815,referral,2026-01-31T08:05:46+05:30,False,RF0046,230,2026-02-03,shortlisted,2026-02-18
A00265,89,careers,2026-02-01T14:52:26+05:30,False,5050,221,2026-02-02,rejected,
A00266,180,referral,2026-02-01T20:59:23+05:30,False,RF0047,,,,
A00267,337,careers,2026-02-01T18:13:31+05:30,False,5051,222,2026-02-02,rejected,
A00268,413,careers,2026-02-01T19:10:25+05:30,False,5052,223,2026-02-02,shortlisted,2026-02-07
A00269,798,whatsapp,2026-02-01T14:53:06+05:30,False,916170908341@2026-02-01T14:53,,,,
A00270,864,job_board,2026-02-01T13:49:10+05:30,False,JB-100093,224,2026-02-02,shortlisted,2026-02-11
A00271,1101,careers,2026-02-01T20:19:29+05:30,False,5053,225,2026-02-02,rejected,
A00272,1163,referral,2026-02-01T18:37:50+05:30,False,RF0048,256,2026-02-06,shortlisted,2026-02-18
A00273,1219,job_board,2026-02-01T23:39:52+05:30,False,JB-100094,226,,,
A00274,1285,whatsapp,2026-02-01T11:42:50+05:30,False,919750545396@2026-02-01T11:42,216,2026-02-03,hired,2026-02-11
A00275,1481,email,2026-02-01T22:28:30+05:30,False,<cand-00023@mail.gmail.com>,217,2026-02-03,rejected_after_call,2026-02-12
A00276,1823,job_board,2026-02-01T22:09:41+05:30,False,JB-100095,227,2026-02-02,rejected,
A00277,1927,whatsapp,2026-02-01T10:31:40+05:30,False,918478358993@2026-02-01T10:31,283,2026-02-09,rejected,
A00278,1934,job_board,2026-02-01T22:33:19+05:30,False,JB-100096,228,2026-02-02,rejected,
A00279,99,referral,2026-02-02T13:41:59+05:30,False,RF0049,238,2026-02-04,hired,2026-02-08
A00280,106,whatsapp,2026-02-02T23:14:22+05:30,False,917405862508@2026-02-02T23:14,246,2026-02-05,rejected,
A00281,305,whatsapp,2026-02-02T21:13:07+05:30,False,919141414819@2026-02-02T21:13,284,2026-02-09,rejected,
A00282,540,job_board,2026-02-02T20:41:05+05:30,False,JB-100097,231,,,
A00283,564,referral,2026-02-02T14:29:44+05:30,False,RF0050,239,2026-02-04,rejected,
A00284,980,whatsapp,2026-02-02T17:51:18+05:30,False,916084645663@2026-02-02T17:51,,,,
A00285,1105,whatsapp,2026-02-02T20:55:32+05:30,False,919911899961@2026-02-02T20:55,247,2026-02-05,rejected_after_call,2026-02-21
A00286,1146,job_board,2026-02-02T11:15:36+05:30,False,JB-100098,232,2026-02-03,shortlisted,2026-02-18
A00287,1165,whatsapp,2026-02-02T12:27:42+05:30,False,916509060499@2026-02-02T12:27,320,2026-02-13,rejected,
A00288,1357,job_board,2026-02-02T20:12:37+05:30,False,JB-100099,233,2026-02-03,rejected,
A00289,1501,whatsapp,2026-02-02T23:06:40+05:30,False,917526954815@2026-02-02T23:06,257,2026-02-06,hired,2026-02-12
A00290,1899,job_board,2026-02-02T15:33:14+05:30,False,JB-100100,234,2026-02-03,rejected_after_call,2026-02-13
A00291,681,email,2026-02-03T09:05:19+05:30,False,<cand-00024@mail.gmail.com>,272,2026-02-09,rejected,
A00292,708,job_board,2026-02-03T15:35:08+05:30,False,JB-100101,240,2026-02-04,hired,2026-02-13
A00293,1472,job_board,2026-02-03T21:25:07+05:30,False,JB-100102,241,2026-02-04,rejected,
W0006,12,walk_in,2026-02-03T21:48:05+05:30,True,,229,2026-02-03,rejected,
A00295,98,email,2026-02-04T14:39:38+05:30,False,<cand-00025@mail.gmail.com>,292,2026-02-10,rejected,
A00296,121,job_board,2026-02-04T12:16:37+05:30,False,JB-100103,248,2026-02-05,rejected,
A00297,422,job_board,2026-02-04T08:20:02+05:30,False,JB-100104,249,2026-02-05,shortlisted,2026-02-19
A00298,470,careers,2026-02-04T11:51:54+05:30,False,5054,250,2026-02-05,rejected,
A00299,491,whatsapp,2026-02-04T11:48:02+05:30,False,917865940326@2026-02-04T11:48,321,2026-02-13,rejected,
A00300,634,job_board,2026-02-04T19:22:02+05:30,False,JB-100105,251,2026-02-05,rejected,
A00301,1040,job_board,2026-02-04T16:20:46+05:30,False,JB-100106,252,2026-02-05,rejected,
A00302,1245,job_board,2026-02-04T20:46:37+05:30,False,JB-100107,253,2026-02-05,shortlisted,2026-02-20
A00303,34,job_board,2026-02-05T20:30:44+05:30,False,JB-100108,258,2026-02-06,rejected_after_call,2026-02-11
A00304,362,job_board,2026-02-05T18:20:00+05:30,False,JB-100109,259,2026-02-06,rejected,
A00305,908,careers,2026-02-05T14:57:38+05:30,False,5055,260,,,
A00306,939,careers,2026-02-05T17:14:39+05:30,False,5056,261,2026-02-06,rejected,
A00307,971,job_board,2026-02-05T14:08:24+05:30,False,JB-100110,262,2026-02-06,rejected,
A00308,991,referral,2026-02-05T12:45:09+05:30,False,RF0051,346,2026-02-16,rejected,
A00309,1025,email,2026-02-05T14:30:46+05:30,False,<cand-00026@mail.gmail.com>,285,2026-02-09,rejected,
A00310,1063,job_board,2026-02-05T08:54:28+05:30,False,JB-100111,263,2026-02-06,rejected,
A00311,1242,job_board,2026-02-05T23:45:53+05:30,False,JB-100112,264,,,
A00312,1604,job_board,2026-02-05T23:44:33+05:30,False,JB-100113,265,,,
A00313,1734,job_board,2026-02-05T15:25:35+05:30,False,JB-100114,266,2026-02-06,rejected,
A00314,1762,job_board,2026-02-05T12:58:40+05:30,False,JB-100115,267,2026-02-06,shortlisted,2026-02-16
A00315,1772,job_board,2026-02-05T09:57:01+05:30,False,JB-100116,268,2026-02-06,hired,2026-02-14
A00316,1876,whatsapp,2026-02-05T21:21:49+05:30,False,916231387550@2026-02-05T21:21,327,2026-02-16,rejected,
A00317,250,job_board,2026-02-05T16:19:19+05:30,True,JB-100117,269,2026-02-06,rejected,
A00318,3,email,2026-02-06T22:40:27+05:30,False,<cand-00027@mail.gmail.com>,347,2026-02-16,rejected,
A00319,206,email,2026-02-06T09:10:30+05:30,False,<cand-00028@mail.gmail.com>,270,2026-02-06,rejected,
A00320,520,whatsapp,2026-02-06T20:51:47+05:30,False,917036802633@2026-02-06T20:51,336,2026-02-16,rejected,
A00321,757,whatsapp,2026-02-06T13:00:57+05:30,False,919330332285@2026-02-06T13:00,,,,
A00322,865,whatsapp,2026-02-06T08:19:52+05:30,False,918376598667@2026-02-06T08:19,,,,
A00323,1184,referral,2026-02-06T19:48:50+05:30,False,RF0052,293,2026-02-10,rejected,
A00324,1396,whatsapp,2026-02-06T09:09:55+05:30,False,917331549120@2026-02-06T09:09,,,,
A00325,1699,email,2026-02-06T20:48:41+05:30,False,<cand-00029@mail.gmail.com>,,,,
A00326,1725,careers,2026-02-06T08:15:56+05:30,False,5057,273,2026-02-09,rejected,
A00327,1856,job_board,2026-02-06T09:26:45+05:30,False,JB-100118,274,2026-02-09,rejected,
A00328,214,job_board,2026-02-07T15:10:46+05:30,False,JB-100119,275,2026-02-09,rejected,
A00329,316,whatsapp,2026-02-07T17:33:53+05:30,False,917655858533@2026-02-07T17:33,276,2026-02-09,shortlisted,2026-02-25
A00330,325,careers,2026-02-07T12:47:56+05:30,False,5058,277,2026-02-09,shortlisted,2026-02-11
A00331,606,whatsapp,2026-02-07T11:05:41+05:30,False,917755536296@2026-02-07T11:05,294,2026-02-10,rejected,
A00332,673,whatsapp,2026-02-07T14:26:27+05:30,False,916460141500@2026-02-07T14:26,307,2026-02-11,rejected,
A00333,711,whatsapp,2026-02-07T22:46:07+05:30,False,916115895344@2026-02-07T22:46,357,2026-02-18,rejected,
A00334,883,referral,2026-02-07T17:08:49+05:30,False,RF0053,328,2026-02-16,rejected,
A00335,1103,job_board,2026-02-07T12:59:46+05:30,False,JB-100120,278,2026-02-09,rejected,
A00336,1575,whatsapp,2026-02-07T19:44:01+05:30,False,918823744876@2026-02-07T19:44,313,2026-02-12,rejected,
A00337,1632,job_board,2026-02-07T23:08:20+05:30,False,JB-100121,279,2026-02-09,rejected,
A00338,1740,whatsapp,2026-02-07T16:28:07+05:30,False,917806457663@2026-02-07T16:28,322,2026-02-13,shortlisted,2026-02-23
A00339,1827,job_board,2026-02-07T19:43:56+05:30,False,JB-100122,280,2026-02-09,shortlisted,2026-02-19
A00340,1829,whatsapp,2026-02-07T10:46:55+05:30,False,917743454973@2026-02-07T10:46,,,,
A00341,14,careers,2026-02-08T19:20:27+05:30,False,5059,286,2026-02-09,rejected,
A00342,211,careers,2026-02-08T21:46:28+05:30,False,5060,287,2026-02-09,rejected_after_call,2026-02-20
A00343,729,careers,2026-02-08T20:33:24+05:30,False,5061,288,2026-02-09,rejected,
A00344,1037,job_board,2026-02-08T22:19:43+05:30,False,JB-100123,289,2026-02-09,rejected,
A00345,1080,job_board,2026-02-08T20:07:59+05:30,False,JB-100124,290,2026-02-09,hired,2026-02-15
A00346,1841,whatsapp,2026-02-08T10:14:35+05:30,False,917283002488@2026-02-08T10:14,,,,
A00347,1859,referral,2026-02-08T21:07:55+05:30,False,RF0054,337,2026-02-16,rejected,
A00348,313,careers,2026-02-09T15:18:23+05:30,False,5062,295,2026-02-10,rejected,
A00349,420,job_board,2026-02-09T09:45:32+05:30,False,JB-100125,296,2026-02-10,shortlisted,2026-02-14
A00350,472,job_board,2026-02-09T22:38:48+05:30,False,JB-100126,297,2026-02-10,rejected,
A00351,692,careers,2026-02-09T21:34:35+05:30,False,5063,298,2026-02-10,rejected,
A00352,788,job_board,2026-02-09T12:33:14+05:30,False,JB-100127,299,2026-02-10,rejected,
A00353,1007,job_board,2026-02-09T15:55:31+05:30,False,JB-100128,300,2026-02-10,rejected,
A00354,1072,careers,2026-02-09T19:46:38+05:30,False,5064,301,2026-02-10,rejected,
A00355,1218,job_board,2026-02-09T18:38:45+05:30,False,JB-100129,302,2026-02-10,rejected,
A00356,1269,careers,2026-02-09T10:52:03+05:30,False,5065,303,2026-02-10,rejected_after_call,2026-02-22
A00357,1328,job_board,2026-02-09T19:14:44+05:30,False,JB-100130,304,2026-02-10,rejected,
A00358,1405,whatsapp,2026-02-09T14:54:50+05:30,False,916631338160@2026-02-09T14:54,358,2026-02-18,rejected,
A00359,1214,job_board,2026-02-09T18:58:02+05:30,True,JB-100131,305,2026-02-10,shortlisted,2026-02-21
A00360,525,whatsapp,2026-02-10T14:26:01+05:30,False,917323290820@2026-02-10T14:26,323,2026-02-13,rejected,
A00361,878,job_board,2026-02-10T11:12:19+05:30,False,JB-100132,308,2026-02-11,rejected,
A00362,1136,referral,2026-02-10T19:11:48+05:30,False,RF0055,,,,
A00363,1256,referral,2026-02-10T08:58:08+05:30,False,RF0056,324,2026-02-13,rejected_after_call,2026-02-28
A00364,1442,job_board,2026-02-10T12:41:07+05:30,False,JB-100133,309,,,
A00365,1526,job_board,2026-02-10T17:01:31+05:30,False,JB-100134,310,2026-02-11,rejected,
A00366,1585,careers,2026-02-10T20:55:33+05:30,False,5066,311,2026-02-11,shortlisted,2026-02-23
A00367,1807,job_board,2026-02-10T23:55:46+05:30,True,JB-100135,312,2026-02-11,rejected,
W0007,1665,walk_in,2026-02-10T08:16:28+05:30,False,,291,2026-02-10,rejected,
A00369,307,email,2026-02-11T13:18:03+05:30,False,<cand-00030@mail.gmail.com>,314,2026-02-12,rejected,
A00370,739,job_board,2026-02-11T10:30:52+05:30,False,JB-100136,315,2026-02-12,hired,2026-02-14
A00371,835,job_board,2026-02-11T17:46:48+05:30,False,JB-100137,316,2026-02-12,rejected,
A00372,912,referral,2026-02-11T18:31:03+05:30,False,RF0057,397,2026-02-23,rejected,
A00373,1397,job_board,2026-02-11T17:52:07+05:30,False,JB-100138,317,2026-02-12,rejected,
A00374,1603,job_board,2026-02-11T09:45:17+05:30,False,JB-100139,318,2026-02-12,rejected,
A00375,380,email,2026-02-12T20:15:37+05:30,False,<cand-00031@mail.gmail.com>,369,2026-02-19,rejected,
A00376,547,job_board,2026-02-12T19:48:31+05:30,False,JB-100140,325,2026-02-13,hired,2026-02-28
A00377,763,email,2026-02-12T11:29:21+05:30,False,<cand-00032@mail.gmail.com>,370,2026-02-19,rejected,
A00378,1065,job_board,2026-02-12T21:59:18+05:30,False,JB-100141,326,2026-02-13,rejected,
A00379,158,job_board,2026-02-13T20:14:12+05:30,False,JB-100142,329,2026-02-16,rejected_after_call,2026-03-04
A00380,475,job_board,2026-02-13T19:03:47+05:30,False,JB-100143,330,,,
A00381,808,job_board,2026-02-13T19:35:33+05:30,False,JB-100144,331,2026-02-16,hired,2026-02-21
A00382,814,careers,2026-02-13T14:40:03+05:30,False,5067,332,2026-02-16,rejected,
A00383,1043,job_board,2026-02-13T12:11:38+05:30,False,JB-100145,333,2026-02-17,rejected_after_call,2026-02-25
A00384,1108,job_board,2026-02-13T14:33:24+05:30,False,JB-100146,334,2026-02-17,rejected,
A00385,1330,email,2026-02-13T08:40:21+05:30,False,<cand-00033@mail.gmail.com>,404,2026-02-24,rejected_after_call,2026-03-03
A00386,1665,careers,2026-02-13T09:13:37+05:30,False,5068,335,2026-02-17,rejected,
A00387,1524,whatsapp,2026-02-13T17:23:16+05:30,True,916247725907@2026-02-13T17:23,348,2026-02-16,rejected,
W0008,1267,walk_in,2026-02-13T22:42:25+05:30,False,,319,2026-02-13,rejected,
A00389,557,email,2026-02-14T11:51:22+05:30,False,<cand-00034@mail.gmail.com>,405,2026-02-24,shortlisted,2026-03-09
A00390,970,job_board,2026-02-14T11:42:57+05:30,False,JB-100147,338,2026-02-16,rejected,
A00391,1056,careers,2026-02-14T09:48:55+05:30,False,5069,339,2026-02-16,shortlisted,2026-02-26
A00392,1201,job_board,2026-02-14T09:33:14+05:30,False,JB-100148,340,2026-02-16,rejected,
A00393,1427,job_board,2026-02-14T23:12:28+05:30,False,JB-100149,341,2026-02-16,rejected_after_call,2026-02-25
A00394,1535,careers,2026-02-14T08:41:21+05:30,False,5070,342,2026-02-16,rejected,
A00395,1591,job_board,2026-02-14T12:02:08+05:30,False,JB-100150,343,2026-02-16,rejected,
A00396,1738,job_board,2026-02-14T19:36:22+05:30,False,JB-100151,344,2026-02-16,rejected,
A00397,1868,job_board,2026-02-14T16:06:48+05:30,False,JB-100152,345,2026-02-16,rejected,
A00398,1796,email,2026-02-14T09:16:07+05:30,True,<cand-00035@mail.gmail.com>,,,,
A00399,286,job_board,2026-02-15T21:55:46+05:30,False,JB-100153,349,2026-02-16,hired,2026-02-23
A00400,664,email,2026-02-15T18:28:57+05:30,False,<cand-00036@mail.gmail.com>,,,,
A00401,678,referral,2026-02-15T15:21:53+05:30,False,RF0058,352,2026-02-17,rejected,
A00402,1464,careers,2026-02-15T12:31:15+05:30,False,5071,350,2026-02-16,hired,2026-03-03
A00403,552,careers,2026-02-15T08:06:53+05:30,True,5072,351,2026-02-16,rejected,
A00404,223,whatsapp,2026-02-15T20:29:05+05:30,True,916640318642@2026-02-15T20:29,416,2026-02-25,rejected,
A00405,630,job_board,2026-02-16T10:24:48+05:30,False,JB-100154,353,2026-02-17,shortlisted,2026-03-04
A00406,1721,whatsapp,2026-02-16T09:15:24+05:30,False,916944860525@2026-02-16T09:15,406,2026-02-24,rejected,
A00407,1869,email,2026-02-16T09:35:06+05:30,False,<cand-00037@mail.gmail.com>,,,,
A00408,1890,careers,2026-02-16T09:19:24+05:30,False,5073,354,2026-02-17,shortlisted,2026-02-22
A00409,1773,job_board,2026-02-16T16:39:47+05:30,True,JB-100155,355,,,
A00410,659,job_board,2026-02-16T15:37:34+05:30,True,JB-100156,356,2026-02-17,rejected,
A00411,77,careers,2026-02-17T19:22:12+05:30,False,5074,359,2026-02-18,rejected,
A00412,202,careers,2026-02-17T20:50:22+05:30,False,5075,360,2026-02-18,rejected,
A00413,269,job_board,2026-02-17T21:44:38+05:30,False,JB-100157,361,2026-02-18,rejected,
A00414,350,job_board,2026-02-17T21:08:29+05:30,False,JB-100158,362,2026-02-18,rejected,
A00415,1106,job_board,2026-02-17T13:20:05+05:30,False,JB-100159,363,2026-02-18,shortlisted,2026-03-05
A00416,1232,job_board,2026-02-17T16:51:12+05:30,False,JB-100160,364,2026-02-18,rejected_after_call,2026-03-01
A00417,1300,referral,2026-02-17T22:11:14+05:30,False,RF0059,441,2026-03-02,rejected_after_call,2026-03-10
A00418,463,job_board,2026-02-17T21:01:24+05:30,True,JB-100161,365,2026-02-18,hired,2026-03-03
A00419,346,whatsapp,2026-02-17T18:19:34+05:30,True,917247821815@2026-02-17T18:19,,,,
A00420,929,whatsapp,2026-02-17T16:54:43+05:30,True,916216303920@2026-02-17T16:54,431,,,
A00421,584,job_board,2026-02-17T14:35:59+05:30,True,JB-100162,366,2026-02-18,rejected,
A00422,83,job_board,2026-02-18T19:35:05+05:30,False,JB-100163,371,2026-02-19,rejected_after_call,2026-03-07
A00423,107,whatsapp,2026-02-18T09:56:15+05:30,False,917588043305@2026-02-18T09:56,,,,
A00424,159,whatsapp,2026-02-18T15:43:49+05:30,False,919044625470@2026-02-18T15:43,398,2026-02-23,rejected_after_call,2026-03-03
A00425,392,whatsapp,2026-02-18T10:50:39+05:30,False,916454566243@2026-02-18T10:50,426,2026-02-26,rejected,
A00426,437,job_board,2026-02-18T17:40:19+05:30,False,JB-100164,372,2026-02-19,rejected,
A00427,1005,whatsapp,2026-02-18T15:51:19+05:30,False,917526278870@2026-02-18T15:51,442,2026-03-02,rejected,
A00428,1332,job_board,2026-02-18T14:59:52+05:30,False,JB-100165,373,2026-02-19,rejected,
A00429,1374,job_board,2026-02-18T13:51:49+05:30,False,JB-100166,374,2026-02-19,rejected,
A00430,1613,email,2026-02-18T22:16:40+05:30,False,<cand-00038@mail.gmail.com>,367,2026-02-18,rejected,
A00431,1944,job_board,2026-02-18T21:59:48+05:30,False,JB-100167,375,2026-02-19,hired,2026-02-26
A00432,264,job_board,2026-02-18T17:03:48+05:30,True,JB-100168,376,,,
A00433,1707,email,2026-02-18T22:02:20+05:30,True,<cand-00039@mail.gmail.com>,449,,,
A00434,52,job_board,2026-02-18T19:47:48+05:30,True,JB-100169,377,2026-02-19,rejected_after_call,2026-02-25
A00435,65,referral,2026-02-19T09:23:19+05:30,False,RF0060,417,2026-02-25,rejected,
A00436,294,job_board,2026-02-19T12:14:07+05:30,False,JB-100170,379,2026-02-20,rejected,
A00437,353,whatsapp,2026-02-19T23:46:40+05:30,False,919009694443@2026-02-19T23:46,399,2026-02-23,shortlisted,2026-03-09
A00438,684,job_board,2026-02-19T16:31:06+05:30,False,JB-100171,380,2026-02-20,shortlisted,2026-02-23
A00439,1381,referral,2026-02-19T11:34:44+05:30,False,RF0061,389,2026-02-23,rejected,
A00440,1552,referral,2026-02-19T16:30:28+05:30,False,RF0062,400,2026-02-23,rejected,
A00441,1733,email,2026-02-19T23:09:03+05:30,False,<cand-00040@mail.gmail.com>,427,2026-02-26,rejected,
A00442,1767,job_board,2026-02-19T23:20:30+05:30,False,JB-100172,381,2026-02-20,rejected_after_call,2026-02-22
A00443,682,referral,2026-02-19T10:22:00+05:30,True,RF0063,382,,,
A00444,139,email,2026-02-19T13:22:58+05:30,True,<cand-00041@mail.gmail.com>,,,,
A00445,877,referral,2026-02-19T16:01:00+05:30,True,RF0064,378,,,
A00446,1124,job_board,2026-02-19T13:07:57+05:30,True,JB-100173,383,2026-02-20,rejected,
W0009,869,walk_in,2026-02-19T12:33:40+05:30,False,,368,2026-02-19,rejected,
A00448,193,job_board,2026-02-20T20:36:07+05:30,False,JB-100174,384,,,
A00449,813,whatsapp,2026-02-20T14:41:06+05:30,False,916796312915@2026-02-20T14:41,,,,
A00450,851,whatsapp,2026-02-20T09:21:27+05:30,False,918053060962@2026-02-20T09:21,407,2026-02-24,rejected,
A00451,1420,careers,2026-02-20T16:47:10+05:30,False,5076,385,2026-02-23,rejected,
A00452,1793,job_board,2026-02-20T20:32:30+05:30,False,JB-100175,386,2026-02-23,rejected_after_call,2026-02-27
A00453,1844,job_board,2026-02-20T19:10:42+05:30,False,JB-100176,387,2026-02-23,rejected,
A00454,440,careers,2026-02-20T20:44:54+05:30,True,5077,388,2026-02-23,rejected,
A00455,144,job_board,2026-02-21T09:04:47+05:30,False,JB-100177,390,2026-02-23,rejected,
A00456,462,job_board,2026-02-21T15:40:56+05:30,False,JB-100178,391,2026-02-23,rejected,
A00457,493,job_board,2026-02-21T19:51:36+05:30,False,JB-100179,392,2026-02-23,rejected,
A00458,611,job_board,2026-02-21T23:05:28+05:30,False,JB-100180,393,2026-02-23,rejected,
A00459,1153,job_board,2026-02-21T19:30:54+05:30,False,JB-100181,394,2026-02-23,rejected,
A00460,1207,job_board,2026-02-21T10:09:19+05:30,False,JB-100182,395,2026-02-23,rejected,
A00461,1408,job_board,2026-02-21T08:53:21+05:30,False,JB-100183,396,2026-02-23,shortlisted,2026-03-01
A00462,238,job_board,2026-02-22T09:03:09+05:30,False,JB-100184,401,2026-02-23,rejected,
A00463,1322,referral,2026-02-22T16:06:56+05:30,False,RF0065,402,2026-02-23,rejected,
A00464,1353,whatsapp,2026-02-22T09:51:00+05:30,True,918557273573@2026-02-22T09:51,,,,
A00465,84,job_board,2026-02-23T14:21:18+05:30,False,JB-100185,408,2026-02-24,rejected,
A00466,680,job_board,2026-02-23T10:15:51+05:30,False,JB-100186,409,2026-02-24,shortlisted,2026-02-26
A00467,1202,job_board,2026-02-23T21:43:51+05:30,False,JB-100187,410,2026-02-24,rejected,
A00468,1506,job_board,2026-02-23T08:51:49+05:30,False,JB-100188,411,2026-02-24,rejected,
A00469,1749,job_board,2026-02-23T12:34:14+05:30,False,JB-100189,412,2026-02-24,rejected,
A00470,1808,whatsapp,2026-02-23T15:13:15+05:30,False,918070579956@2026-02-23T15:13,,,,
A00471,1920,careers,2026-02-23T13:51:41+05:30,False,5078,413,2026-02-24,rejected,
A00472,1164,job_board,2026-02-23T09:53:33+05:30,True,JB-100190,414,2026-02-24,rejected,
A00473,1286,referral,2026-02-23T21:49:13+05:30,True,RF0066,443,2026-03-02,rejected,
A00474,131,careers,2026-02-24T14:33:30+05:30,False,5079,418,2026-02-25,rejected,
A00475,241,whatsapp,2026-02-24T22:27:59+05:30,False,916175031022@2026-02-24T22:27,415,2026-02-24,rejected,
A00476,504,job_board,2026-02-24T17:28:27+05:30,False,JB-100191,419,2026-02-25,rejected,
A00477,666,referral,2026-02-24T09:39:04+05:30,False,RF0067,524,2026-03-09,shortlisted,2026-03-20
A00478,679,referral,2026-02-24T11:22:59+05:30,False,RF0068,,,,
A00479,995,email,2026-02-24T12:27:12+05:30,False,<cand-00042@mail.gmail.com>,420,2026-02-25,rejected,
A00480,1385,job_board,2026-02-24T19:45:16+05:30,False,JB-100192,421,2026-02-25,rejected,
A00481,1536,whatsapp,2026-02-24T18:24:09+05:30,False,917591745877@2026-02-24T18:24,525,2026-03-09,rejected_after_call,2026-03-15
A00482,1731,careers,2026-02-24T19:08:45+05:30,False,5080,422,2026-02-25,rejected,
A00483,1787,job_board,2026-02-24T13:12:03+05:30,False,JB-100193,423,2026-02-25,rejected_after_call,2026-02-28
A00484,1792,job_board,2026-02-24T14:55:18+05:30,True,JB-100194,424,,,
A00485,608,email,2026-02-24T13:15:09+05:30,True,<cand-00043@mail.gmail.com>,511,,,
W0010,1710,walk_in,2026-02-24T09:37:44+05:30,False,,403,,,
A00487,887,job_board,2026-02-25T12:07:25+05:30,False,JB-100195,428,2026-02-26,hired,2026-03-06
A00488,1577,referral,2026-02-25T21:35:00+05:30,False,RF0069,,,,
A00489,1775,email,2026-02-25T15:07:43+05:30,False,<cand-00044@mail.gmail.com>,526,2026-03-09,rejected,
A00490,1878,whatsapp,2026-02-25T12:27:06+05:30,False,917051967639@2026-02-25T12:27,432,2026-02-27,rejected,
A00491,1297,job_board,2026-02-25T15:34:26+05:30,True,JB-100196,429,,,
A00492,1836,referral,2026-02-25T23:31:22+05:30,True,RF0070,425,2026-02-25,rejected,
A00493,459,careers,2026-02-25T22:25:03+05:30,True,5081,430,2026-02-26,rejected,
A00494,188,referral,2026-02-26T16:02:36+05:30,False,RF0071,,,,
A00495,396,job_board,2026-02-26T16:03:10+05:30,False,JB-100197,433,,,
A00496,699,careers,2026-02-26T23:43:21+05:30,False,5082,434,2026-02-27,rejected,
A00497,888,job_board,2026-02-26T11:50:23+05:30,False,JB-100198,435,,,
A00498,1000,job_board,2026-02-26T23:13:23+05:30,False,JB-100199,436,2026-02-27,rejected,
A00499,1175,job_board,2026-02-26T23:40:10+05:30,False,JB-100200,437,2026-02-27,rejected,
A00500,1492,careers,2026-02-26T21:00:11+05:30,False,5083,438,2026-02-27,shortlisted,2026-03-09
A00501,1818,careers,2026-02-26T16:18:09+05:30,False,5084,439,2026-02-27,rejected,
A00502,1902,careers,2026-02-26T08:20:22+05:30,False,5085,440,2026-02-27,rejected,
A00503,1943,referral,2026-02-26T15:03:00+05:30,False,RF0072,,,,
A00504,91,job_board,2026-02-27T18:27:02+05:30,False,JB-100201,444,2026-03-02,shortlisted,2026-03-13
A00505,399,whatsapp,2026-02-27T20:14:24+05:30,False,918216842452@2026-02-27T20:14,500,2026-03-06,shortlisted,2026-03-13
A00506,964,whatsapp,2026-02-27T11:26:52+05:30,False,918367626974@2026-02-27T11:26,501,2026-03-06,rejected,
A00507,1388,job_board,2026-02-27T08:20:30+05:30,False,JB-100202,445,2026-03-03,rejected,
A00508,1489,job_board,2026-02-27T14:18:55+05:30,False,JB-100203,446,2026-03-03,hired,2026-03-07
A00509,1496,careers,2026-02-27T21:08:47+05:30,False,5086,447,2026-03-03,shortlisted,2026-03-12
A00510,242,whatsapp,2026-02-27T22:34:51+05:30,True,917102075870@2026-02-27T22:34,,,,
A00511,1415,job_board,2026-02-27T08:56:41+05:30,True,JB-100204,448,,,
A00512,291,whatsapp,2026-02-28T12:20:50+05:30,False,919465243744@2026-02-28T12:20,,,,
A00513,319,job_board,2026-02-28T10:55:40+05:30,False,JB-100205,450,2026-03-02,rejected,
A00514,527,careers,2026-02-28T08:53:51+05:30,False,5087,451,2026-03-02,rejected,
A00515,595,job_board,2026-02-28T11:14:52+05:30,False,JB-100206,452,,,
A00516,605,careers,2026-02-28T12:00:04+05:30,False,5088,453,2026-03-02,rejected,
A00517,656,job_board,2026-02-28T11:19:26+05:30,False,JB-100207,454,2026-03-02,rejected_after_call,2026-03-11
A00518,688,careers,2026-02-28T21:21:33+05:30,False,5089,455,2026-03-02,shortlisted,2026-03-12
A00519,1071,careers,2026-02-28T20:28:55+05:30,False,5090,456,,,
A00520,1583,job_board,2026-02-28T10:25:57+05:30,False,JB-100208,457,2026-03-02,rejected_after_call,2026-03-04
A00521,1692,careers,2026-02-28T20:01:13+05:30,False,5091,458,,,
A00522,1843,whatsapp,2026-02-28T11:23:48+05:30,False,916185440017@2026-02-28T11:23,,,,
A00523,25,job_board,2026-03-01T14:41:29+05:30,False,JB-100209,461,,,
A00524,68,whatsapp,2026-03-01T17:16:48+05:30,False,916586597852@2026-03-01T17:16,,,,
A00525,317,email,2026-03-01T09:05:38+05:30,False,<cand-00045@mail.gmail.com>,,,,
A00526,408,job_board,2026-03-01T23:51:06+05:30,False,JB-100210,462,2026-03-02,rejected,
A00527,592,job_board,2026-03-01T20:51:40+05:30,False,JB-100211,463,2026-03-02,rejected,
A00528,626,job_board,2026-03-01T10:45:25+05:30,False,JB-100212,464,2026-03-02,hired,2026-03-10
A00529,762,whatsapp,2026-03-01T20:36:29+05:30,False,917160518335@2026-03-01T20:36,549,2026-03-11,rejected,
A00530,870,email,2026-03-01T13:27:45+05:30,False,<cand-00046@mail.gmail.com>,459,2026-03-02,rejected,
A00531,1480,job_board,2026-03-01T18:12:49+05:30,False,JB-100213,465,2026-03-02,rejected,
A00532,1525,job_board,2026-03-01T16:23:01+05:30,False,JB-100214,466,2026-03-02,rejected,
A00533,1534,careers,2026-03-01T13:16:47+05:30,False,5092,467,2026-03-02,rejected_after_call,2026-03-04
A00534,1545,referral,2026-03-01T22:07:00+05:30,False,RF0073,488,2026-03-05,rejected,
A00535,1574,whatsapp,2026-03-01T17:33:02+05:30,False,917172221642@2026-03-01T17:33,460,2026-03-02,rejected,
A00536,765,careers,2026-03-01T16:58:12+05:30,True,5093,468,2026-03-02,rejected,
A00537,767,careers,2026-03-01T08:27:52+05:30,True,5094,469,,,
A00538,400,email,2026-03-01T11:10:45+05:30,True,<cand-00047@mail.gmail.com>,489,2026-03-05,rejected,
A00539,563,whatsapp,2026-03-02T13:19:09+05:30,False,916659970544@2026-03-02T13:19,470,2026-03-02,rejected_after_call,2026-03-07
A00540,702,whatsapp,2026-03-02T18:06:02+05:30,False,919743858156@2026-03-02T18:06,,,,
A00541,1366,referral,2026-03-02T18:48:46+05:30,False,RF0074,558,2026-03-12,rejected,
A00542,1722,job_board,2026-03-02T19:03:10+05:30,False,JB-100215,473,2026-03-03,shortlisted,2026-03-15
A00543,1752,job_board,2026-03-02T08:15:04+05:30,False,JB-100216,474,2026-03-03,rejected,
A00544,1782,whatsapp,2026-03-02T22:34:08+05:30,False,917081114449@2026-03-02T22:34,477,2026-03-04,rejected,
A00545,12,walk_in,2026-03-02T15:07:01+05:30,True,,471,2026-03-02,rejected,
A00546,86,careers,2026-03-02T12:23:15+05:30,True,5095,475,2026-03-03,rejected,
A00547,1835,whatsapp,2026-03-02T13:32:27+05:30,True,918583835478@2026-03-02T13:32,,,,
A00548,1186,job_board,2026-03-02T12:57:20+05:30,True,JB-100217,476,2026-03-03,rejected,
A00549,71,job_board,2026-03-03T14:07:30+05:30,False,JB-100218,478,2026-03-04,rejected,
A00550,469,job_board,2026-03-03T12:10:33+05:30,False,JB-100219,479,2026-03-04,rejected,
A00551,509,careers,2026-03-03T21:40:16+05:30,False,5096,480,2026-03-04,rejected,
A00552,694,job_board,2026-03-03T18:45:00+05:30,False,JB-100220,481,2026-03-04,rejected,
A00553,782,email,2026-03-03T11:27:57+05:30,False,<cand-00048@mail.gmail.com>,512,2026-03-09,shortlisted,2026-03-20
A00554,826,referral,2026-03-03T14:10:01+05:30,False,RF0075,533,2026-03-09,shortlisted,2026-03-16
A00555,1083,job_board,2026-03-03T08:36:01+05:30,False,JB-100221,482,2026-03-04,rejected,
A00556,1508,job_board,2026-03-03T21:32:22+05:30,False,JB-100222,483,2026-03-04,rejected,
A00557,1557,email,2026-03-03T10:17:55+05:30,False,<cand-00049@mail.gmail.com>,490,2026-03-05,rejected,
A00558,1937,job_board,2026-03-03T12:05:44+05:30,False,JB-100223,484,2026-03-04,shortlisted,2026-03-19
A00559,1098,referral,2026-03-03T13:20:19+05:30,True,RF0076,539,2026-03-10,shortlisted,2026-03-16
A00560,1276,job_board,2026-03-03T19:38:42+05:30,True,JB-100224,485,2026-03-04,rejected,
A00561,1126,job_board,2026-03-03T14:56:47+05:30,True,JB-100225,486,2026-03-04,rejected,
A00562,831,job_board,2026-03-03T22:45:36+05:30,True,JB-100226,487,2026-03-04,rejected,
W0011,237,walk_in,2026-03-03T21:36:13+05:30,False,,472,,,
A00564,110,job_board,2026-03-04T10:32:52+05:30,False,JB-100227,491,2026-03-05,rejected,
A00565,173,careers,2026-03-04T21:01:02+05:30,False,5097,492,2026-03-05,shortlisted,2026-03-19
A00566,183,job_board,2026-03-04T16:29:38+05:30,False,JB-100228,493,,,
A00567,736,job_board,2026-03-04T16:56:32+05:30,False,JB-100229,494,2026-03-05,rejected_after_call,2026-03-17
A00568,894,job_board,2026-03-04T17:02:18+05:30,False,JB-100230,495,2026-03-05,shortlisted,2026-03-11
A00569,1129,careers,2026-03-04T23:33:31+05:30,False,5098,496,2026-03-05,rejected,
A00570,1212,referral,2026-03-04T18:58:26+05:30,False,RF0077,,,,
A00571,1335,job_board,2026-03-04T20:28:22+05:30,False,JB-100231,497,2026-03-05,rejected,
A00572,1643,job_board,2026-03-04T20:14:50+05:30,False,JB-100232,498,2026-03-05,rejected,
A00573,1696,whatsapp,2026-03-04T08:12:32+05:30,False,917035883443@2026-03-04T08:12,527,,,
A00574,345,careers,2026-03-05T13:30:58+05:30,False,5099,502,,,
A00575,442,job_board,2026-03-05T08:39:28+05:30,False,JB-100233,503,,,
A00576,453,email,2026-03-05T08:21:29+05:30,False,<cand-00050@mail.gmail.com>,,,,
A00577,730,job_board,2026-03-05T20:37:49+05:30,False,JB-100234,504,2026-03-06,rejected,
A00578,775,job_board,2026-03-05T13:17:31+05:30,False,JB-100235,505,2026-03-06,rejected,
A00579,1087,careers,2026-03-05T10:46:13+05:30,False,5100,506,,,
A00580,1466,whatsapp,2026-03-05T15:57:27+05:30,False,919648381224@2026-03-05T15:57,,,,
A00581,1756,careers,2026-03-05T15:35:21+05:30,False,5101,507,2026-03-06,shortlisted,2026-03-15
A00582,1955,job_board,2026-03-05T08:13:24+05:30,False,JB-100236,508,,,
A00583,803,whatsapp,2026-03-05T08:23:32+05:30,True,918381669192@2026-03-05T08:23,559,2026-03-12,hired,2026-03-25
A00584,1662,job_board,2026-03-05T08:35:50+05:30,True,JB-100237,509,2026-03-06,rejected,
A00585,1140,job_board,2026-03-05T21:58:32+05:30,True,JB-100238,510,2026-03-06,rejected,
A00586,849,whatsapp,2026-03-05T20:22:02+05:30,True,919401713923@2026-03-05T20:22,609,2026-03-17,rejected,
A00587,682,referral,2026-03-05T14:36:15+05:30,True,RF0078,499,2026-03-05,rejected,
A00588,79,whatsapp,2026-03-06T12:09:49+05:30,False,917394832351@2026-03-06T12:09,560,2026-03-12,rejected,
A00589,273,job_board,2026-03-06T12:32:08+05:30,False,JB-100239,513,2026-03-09,rejected,
A00590,460,email,2026-03-06T16:20:44+05:30,False,<cand-00051@mail.gmail.com>,610,2026-03-17,rejected,
A00591,704,job_board,2026-03-06T08:23:14+05:30,False,JB-100240,514,2026-03-09,rejected,
A00592,801,job_board,2026-03-06T16:41:44+05:30,False,JB-100241,515,2026-03-09,rejected,
A00593,974,job_board,2026-03-06T08:55:27+05:30,False,JB-100242,516,2026-03-10,shortlisted,2026-03-24
A00594,1111,job_board,2026-03-06T11:07:40+05:30,False,JB-100243,517,2026-03-10,shortlisted,2026-03-15
A00595,1135,job_board,2026-03-06T22:36:09+05:30,False,JB-100244,519,2026-03-10,rejected,
A00596,1323,job_board,2026-03-06T13:51:58+05:30,False,JB-100245,520,,,
A00597,1580,email,2026-03-06T12:42:19+05:30,False,<cand-00052@mail.gmail.com>,584,2026-03-16,shortlisted,2026-03-20
A00598,1930,referral,2026-03-06T23:53:58+05:30,False,RF0079,,,,
A00599,1952,job_board,2026-03-06T16:27:53+05:30,False,JB-100246,521,2026-03-10,rejected,
A00600,585,job_board,2026-03-06T17:20:10+05:30,True,JB-100247,522,,,
A00601,597,careers,2026-03-06T11:52:02+05:30,True,5102,523,,,
A00602,76,job_board,2026-03-07T16:11:28+05:30,False,JB-100248,528,2026-03-09,rejected,
A00603,631,email,2026-03-07T14:11:30+05:30,False,<cand-00053@mail.gmail.com>,550,2026-03-11,rejected_after_call,2026-03-16
A00604,650,job_board,2026-03-07T23:26:49+05:30,False,JB-100249,529,2026-03-09,rejected,
A00605,701,referral,2026-03-07T11:55:42+05:30,False,RF0080,597,2026-03-16,rejected,
A00606,858,whatsapp,2026-03-07T22:01:01+05:30,False,919451647792@2026-03-07T22:01,551,2026-03-11,rejected,
A00607,1090,job_board,2026-03-07T13:07:49+05:30,False,JB-100250,530,2026-03-09,shortlisted,2026-03-22
A00608,1130,email,2026-03-07T10:14:25+05:30,False,<cand-00054@mail.gmail.com>,,,,
A00609,1684,whatsapp,2026-03-07T11:38:22+05:30,False,916255431068@2026-03-07T11:38,575,,,
A00610,712,job_board,2026-03-07T14:34:08+05:30,True,JB-100251,531,2026-03-09,rejected,
A00611,933,referral,2026-03-07T12:29:11+05:30,True,RF0081,611,,,
A00612,671,job_board,2026-03-07T18:57:37+05:30,True,JB-100252,532,2026-03-09,rejected,
A00613,727,referral,2026-03-07T18:22:23+05:30,True,RF0082,,,,
A00614,364,whatsapp,2026-03-08T13:24:41+05:30,False,917010205378@2026-03-08T13:24,612,2026-03-17,hired,2026-03-25
A00615,867,job_board,2026-03-08T09:35:18+05:30,False,JB-100253,534,2026-03-09,shortlisted,2026-03-23
A00616,869,careers,2026-03-08T19:55:49+05:30,False,5103,535,2026-03-09,rejected,
A00617,904,email,2026-03-08T18:08:26+05:30,False,<cand-00055@mail.gmail.com>,593,2026-03-16,rejected,
A00618,977,job_board,2026-03-08T16:15:50+05:30,False,JB-100254,536,2026-03-09,rejected_after_call,2026-03-19
A00619,638,job_board,2026-03-08T13:08:42+05:30,True,JB-100255,537,2026-03-09,rejected,
A00620,179,job_board,2026-03-08T19:25:15+05:30,True,JB-100256,538,2026-03-09,rejected,
A00621,1282,referral,2026-03-08T23:42:55+05:30,True,RF0083,598,2026-03-16,rejected,
A00622,1177,referral,2026-03-08T10:25:41+05:30,True,RF0084,585,2026-03-16,rejected,
A00623,1211,email,2026-03-08T08:58:16+05:30,True,<cand-00056@mail.gmail.com>,,,,
A00624,126,careers,2026-03-09T19:55:13+05:30,False,5104,540,2026-03-10,rejected,
A00625,177,job_board,2026-03-09T11:42:20+05:30,False,JB-100257,541,2026-03-10,hired,2026-03-14
A00626,289,email,2026-03-09T08:34:20+05:30,False,<cand-00057@mail.gmail.com>,,,,
A00627,309,job_board,2026-03-09T19:34:45+05:30,False,JB-100258,542,2026-03-10,rejected,
A00628,625,whatsapp,2026-03-09T14:34:30+05:30,False,917845928039@2026-03-09T14:34,543,2026-03-10,rejected,
A00629,738,whatsapp,2026-03-09T11:41:57+05:30,False,916527199049@2026-03-09T11:41,,,,
A00630,931,referral,2026-03-09T11:55:12+05:30,False,RF0085,637,2026-03-20,rejected,
A00631,1044,job_board,2026-03-09T11:47:36+05:30,False,JB-100259,544,,,
A00632,1751,whatsapp,2026-03-09T23:42:50+05:30,False,919352494158@2026-03-09T23:42,,,,
A00633,1520,whatsapp,2026-03-09T10:06:48+05:30,True,919399328911@2026-03-09T10:06,613,2026-03-17,shortlisted,2026-03-31
A00634,861,job_board,2026-03-09T22:55:03+05:30,True,JB-100260,545,2026-03-10,rejected_after_call,2026-03-24
A00635,19,careers,2026-03-09T08:45:57+05:30,True,5105,546,2026-03-10,rejected,
A00636,941,careers,2026-03-09T17:34:50+05:30,True,5106,547,2026-03-10,rejected,
A00637,120,job_board,2026-03-10T19:29:24+05:30,False,JB-100261,552,2026-03-11,rejected,
A00638,290,email,2026-03-10T11:14:13+05:30,False,<cand-00058@mail.gmail.com>,,,,
A00639,654,whatsapp,2026-03-10T23:11:54+05:30,False,917646729022@2026-03-10T23:11,647,2026-03-23,rejected,
A00640,907,job_board,2026-03-10T15:18:03+05:30,False,JB-100262,553,2026-03-11,rejected,
A00641,1042,careers,2026-03-10T13:01:26+05:30,False,5107,554,2026-03-11,rejected,
A00642,1145,careers,2026-03-10T15:24:11+05:30,False,5108,555,2026-03-11,rejected,
A00643,1431,email,2026-03-10T12:49:16+05:30,False,<cand-00059@mail.gmail.com>,561,2026-03-12,rejected,
A00644,1441,email,2026-03-10T09:58:09+05:30,False,<cand-00060@mail.gmail.com>,648,,,
A00645,1453,referral,2026-03-10T14:29:16+05:30,False,RF0086,,,,
A00646,1477,careers,2026-03-10T17:04:05+05:30,False,5109,556,2026-03-11,rejected,
A00647,201,whatsapp,2026-03-10T23:34:29+05:30,True,917509268543@2026-03-10T23:34,,,,
A00648,92,job_board,2026-03-11T14:47:09+05:30,False,JB-100263,562,2026-03-12,rejected,
A00649,133,whatsapp,2026-03-11T20:49:47+05:30,False,919325646677@2026-03-11T20:49,576,2026-03-13,rejected_after_call,2026-03-26
A00650,151,careers,2026-03-11T16:49:41+05:30,False,5110,563,2026-03-12,rejected,
A00651,196,careers,2026-03-11T21:31:46+05:30,False,5111,564,2026-03-12,rejected,
A00652,203,careers,2026-03-11T10:20:50+05:30,False,5112,565,2026-03-12,rejected,
A00653,263,whatsapp,2026-03-11T23:18:22+05:30,False,919295963697@2026-03-11T23:18,599,2026-03-16,shortlisted,2026-03-31
A00654,498,careers,2026-03-11T20:21:20+05:30,False,5113,566,2026-03-12,rejected,
A00655,508,careers,2026-03-11T22:37:53+05:30,False,5114,567,2026-03-12,rejected,
A00656,891,careers,2026-03-11T23:35:43+05:30,False,5115,568,,,
A00657,935,careers,2026-03-11T20:33:04+05:30,False,5116,569,2026-03-12,rejected_after_call,2026-03-15
A00658,1046,whatsapp,2026-03-11T22:34:22+05:30,False,918102637401@2026-03-11T22:34,,,,
A00659,1917,job_board,2026-03-11T23:33:41+05:30,False,JB-100264,570,2026-03-12,shortlisted,2026-03-19
A00660,1318,careers,2026-03-11T10:16:38+05:30,True,5117,571,2026-03-12,rejected,
A00661,564,careers,2026-03-11T09:24:34+05:30,True,5118,572,,,
A00662,1472,referral,2026-03-11T23:24:35+05:30,True,RF0087,557,2026-03-11,rejected,
A00663,214,job_board,2026-03-11T18:42:22+05:30,True,JB-100265,573,2026-03-12,shortlisted,2026-03-23
W0012,1594,walk_in,2026-03-11T21:02:39+05:30,False,,548,2026-03-11,rejected,
A00665,13,whatsapp,2026-03-12T10:02:57+05:30,False,916373216083@2026-03-12T10:02,617,2026-03-18,shortlisted,2026-03-22
A00666,64,job_board,2026-03-12T19:08:25+05:30,False,JB-100266,577,2026-03-13,rejected_after_call,2026-03-27
A00667,191,job_board,2026-03-12T16:08:42+05:30,False,JB-100267,578,2026-03-13,shortlisted,2026-03-16
A00668,308,job_board,2026-03-12T09:47:20+05:30,False,JB-100268,579,2026-03-13,rejected,
A00669,417,email,2026-03-12T17:16:07+05:30,False,<cand-00061@mail.gmail.com>,624,2026-03-19,rejected_after_call,2026-03-24
A00670,623,email,2026-03-12T14:08:06+05:30,False,<cand-00062@mail.gmail.com>,,,,
A00671,658,whatsapp,2026-03-12T20:36:01+05:30,False,918671899346@2026-03-12T20:36,682,2026-03-24,shortlisted,2026-04-09
A00672,809,job_board,2026-03-12T14:56:10+05:30,False,JB-100269,580,2026-03-13,hired,2026-03-25
A00673,928,job_board,2026-03-12T23:38:31+05:30,False,JB-100270,581,2026-03-13,rejected,
A00674,1271,job_board,2026-03-12T11:15:47+05:30,False,JB-100271,582,2026-03-13,rejected,
A00675,1568,whatsapp,2026-03-12T17:23:31+05:30,False,916188808843@2026-03-12T17:23,,,,
A00676,1913,email,2026-03-12T10:39:42+05:30,False,<cand-00063@mail.gmail.com>,,,,
A00677,1950,whatsapp,2026-03-12T08:55:37+05:30,False,919300571396@2026-03-12T08:55,683,,,
A00678,36,referral,2026-03-12T20:37:42+05:30,True,RF0088,649,2026-03-23,rejected,
A00679,376,walk_in,2026-03-12T22:46:04+05:30,True,,600,2026-03-16,rejected,
A00680,984,email,2026-03-12T12:41:20+05:30,True,<cand-00064@mail.gmail.com>,669,2026-03-23,rejected,
A00681,989,job_board,2026-03-12T15:38:57+05:30,True,JB-100272,583,2026-03-13,hired,2026-03-20
A00682,883,referral,2026-03-12T13:28:09+05:30,True,RF0089,,,,
A00683,329,careers,2026-03-13T17:16:41+05:30,False,5119,586,,,
A00684,434,email,2026-03-13T18:58:40+05:30,False,<cand-00065@mail.gmail.com>,601,,,
A00685,596,whatsapp,2026-03-13T17:39:18+05:30,False,918909590577@2026-03-13T17:39,,,,
A00686,1061,job_board,2026-03-13T19:43:59+05:30,False,JB-100273,587,2026-03-16,rejected,
A00687,1112,careers,2026-03-13T13:03:02+05:30,False,5120,588,2026-03-16,hired,2026-03-27
A00688,1183,referral,2026-03-13T15:13:12+05:30,False,RF0090,650,,,
A00689,1296,careers,2026-03-13T22:52:57+05:30,False,5121,589,2026-03-16,rejected,
A00690,1544,job_board,2026-03-13T23:49:15+05:30,False,JB-100274,590,2026-03-16,rejected,
A00691,1590,job_board,2026-03-13T08:45:55+05:30,False,JB-100275,591,2026-03-16,rejected,
A00692,1597,whatsapp,2026-03-13T08:52:41+05:30,False,916035365884@2026-03-13T08:52,,,,
A00693,444,referral,2026-03-13T12:27:38+05:30,True,RF0091,684,,,
W0013,867,walk_in,2026-03-13T15:38:13+05:30,True,,574,2026-03-13,rejected,
A00695,819,job_board,2026-03-14T23:06:50+05:30,False,JB-100276,594,2026-03-16,rejected,
A00696,1074,job_board,2026-03-14T15:44:43+05:30,False,JB-100277,595,2026-03-16,rejected,
A00697,1113,job_board,2026-03-14T12:06:11+05:30,False,JB-100278,596,2026-03-16,rejected,
A00698,1171,referral,2026-03-14T19:26:28+05:30,False,RF0092,638,2026-03-20,shortlisted,2026-03-26
A00699,1435,whatsapp,2026-03-14T20:26:05+05:30,False,919592027634@2026-03-14T20:26,,,,
A00700,1565,referral,2026-03-14T10:37:52+05:30,False,RF0093,592,2026-03-16,shortlisted,2026-03-31
A00701,1926,referral,2026-03-14T12:57:16+05:30,False,RF0094,602,2026-03-16,hired,2026-03-26
A00702,260,whatsapp,2026-03-14T20:45:17+05:30,True,916613060782@2026-03-14T20:45,625,2026-03-19,rejected,
A00703,1035,whatsapp,2026-03-14T20:53:04+05:30,True,917741919960@2026-03-14T20:53,,,,
A00704,562,referral,2026-03-15T10:23:38+05:30,False,RF0095,,,,
A00705,639,referral,2026-03-15T21:37:31+05:30,False,RF0096,,,,
A00706,740,whatsapp,2026-03-15T14:47:39+05:30,False,917067601348@2026-03-15T14:47,603,,,
A00707,772,careers,2026-03-15T14:55:25+05:30,False,5122,604,2026-03-16,hired,2026-03-27
A00708,909,whatsapp,2026-03-15T17:55:15+05:30,False,916936626314@2026-03-15T17:55,724,2026-03-27,shortlisted,2026-04-03
A00709,1804,job_board,2026-03-15T20:43:12+05:30,True,JB-100279,605,2026-03-16,hired,2026-03-28
A00710,939,careers,2026-03-15T11:16:48+05:30,True,5123,606,2026-03-16,shortlisted,2026-03-18
A00711,1103,email,2026-03-15T10:25:38+05:30,True,<cand-00066@mail.gmail.com>,,,,
A00712,216,job_board,2026-03-16T21:04:28+05:30,False,JB-100280,614,,,
A00713,1132,referral,2026-03-16T23:28:21+05:30,False,RF0097,,,,
A00714,1157,job_board,2026-03-16T10:16:47+05:30,False,JB-100281,615,2026-03-17,hired,2026-03-25
A00715,1510,email,2026-03-16T11:52:12+05:30,False,<cand-00067@mail.gmail.com>,607,2026-03-16,shortlisted,2026-03-18
A00716,1571,whatsapp,2026-03-16T16:34:02+05:30,False,917321955585@2026-03-16T16:34,639,2026-03-20,rejected,
A00717,1595,job_board,2026-03-16T16:51:25+05:30,False,JB-100282,616,2026-03-17,hired,2026-03-30
A00718,1629,email,2026-03-16T16:22:46+05:30,False,<cand-00068@mail.gmail.com>,710,2026-03-26,rejected,
A00719,1728,whatsapp,2026-03-16T12:28:43+05:30,False,918973164870@2026-03-16T12:28,670,2026-03-23,shortlisted,2026-03-30
A00720,1845,whatsapp,2026-03-16T14:47:32+05:30,False,918646047927@2026-03-16T14:47,685,,,
A00721,918,whatsapp,2026-03-16T09:14:49+05:30,True,919377773168@2026-03-16T09:14,640,,,
A00722,520,referral,2026-03-16T08:12:43+05:30,True,RF0098,725,2026-03-27,rejected,
A00723,37,email,2026-03-17T14:28:36+05:30,False,<cand-00069@mail.gmail.com>,626,,,
A00724,82,email,2026-03-17T16:18:39+05:30,False,<cand-00070@mail.gmail.com>,745,2026-03-30,rejected,
A00725,96,careers,2026-03-17T18:29:39+05:30,False,5124,618,2026-03-18,rejected,
A00726,407,email,2026-03-17T20:53:39+05:30,False,<cand-00071@mail.gmail.com>,,,,
A00727,569,job_board,2026-03-17T12:30:09+05:30,False,JB-100283,619,2026-03-18,rejected,
A00728,714,referral,2026-03-17T14:20:59+05:30,False,RF0099,659,2026-03-23,rejected,
A00729,839,job_board,2026-03-17T22:26:32+05:30,False,JB-100284,620,2026-03-18,rejected_after_call,2026-03-25
A00730,1255,referral,2026-03-17T19:24:00+05:30,False,RF0100,,,,
A00731,1428,whatsapp,2026-03-17T21:25:43+05:30,False,919941262001@2026-03-17T21:25,699,2026-03-25,shortlisted,2026-04-08
A00732,1539,job_board,2026-03-17T15:37:39+05:30,False,JB-100285,621,2026-03-18,hired,2026-03-23
A00733,1594,referral,2026-03-17T08:10:11+05:30,False,RF0101,,,,
A00734,1616,careers,2026-03-17T19:25:36+05:30,True,5125,622,2026-03-18,rejected,
A00735,178,job_board,2026-03-17T20:55:19+05:30,True,JB-100286,623,2026-03-18,rejected_after_call,2026-03-31
W0014,801,walk_in,2026-03-17T12:45:28+05:30,True,,608,,,
A00737,15,whatsapp,2026-03-18T15:40:17+05:30,False,918566531290@2026-03-18T15:40,627,2026-03-19,rejected,
A00738,53,job_board,2026-03-18T13:31:35+05:30,False,JB-100287,628,2026-03-19,rejected,
A00739,363,careers,2026-03-18T09:08:59+05:30,False,5126,629,2026-03-19,shortlisted,2026-03-28
A00740,374,job_board,2026-03-18T09:09:56+05:30,False,JB-100288,630,,,
A00741,899,referral,2026-03-18T08:25:46+05:30,False,RF0102,746,2026-03-30,rejected,
A00742,1109,whatsapp,2026-03-18T13:54:35+05:30,False,918530316531@2026-03-18T13:54,651,2026-03-24,shortlisted,2026-03-30
A00743,1395,job_board,2026-03-18T12:21:21+05:30,False,JB-100289,631,2026-03-19,rejected,
A00744,1589,whatsapp,2026-03-18T20:53:06+05:30,False,917354127693@2026-03-18T20:53,740,2026-03-30,rejected,
A00745,1653,whatsapp,2026-03-18T14:48:55+05:30,False,916991035944@2026-03-18T14:48,,,,
A00746,1730,job_board,2026-03-18T22:15:34+05:30,False,JB-100290,632,2026-03-19,shortlisted,2026-03-27
A00747,1778,referral,2026-03-18T09:21:14+05:30,False,RF0103,741,2026-03-31,rejected,
A00748,1853,job_board,2026-03-18T22:50:36+05:30,False,JB-100291,633,2026-03-19,rejected,
A00749,101,job_board,2026-03-18T17:53:41+05:30,True,JB-100292,634,,,
A00750,1040,job_board,2026-03-18T23:34:54+05:30,True,JB-100293,635,2026-03-19,rejected,
A00751,1442,job_board,2026-03-18T13:53:31+05:30,True,JB-100294,636,,,
A00752,393,careers,2026-03-19T14:58:28+05:30,False,5127,641,,,
A00753,1076,email,2026-03-19T11:41:32+05:30,False,<cand-00072@mail.gmail.com>,711,,,
A00754,1407,whatsapp,2026-03-19T20:38:56+05:30,False,918558568743@2026-03-19T20:38,686,2026-03-24,rejected,
A00755,1437,careers,2026-03-19T23:52:04+05:30,False,5128,642,2026-03-20,shortlisted,2026-04-02
A00756,1700,referral,2026-03-19T20:33:16+05:30,False,RF0104,671,2026-03-23,rejected,
A00757,633,job_board,2026-03-19T20:57:34+05:30,True,JB-100295,643,2026-03-20,rejected,
A00758,1158,whatsapp,2026-03-19T08:34:24+05:30,True,918596263143@2026-03-19T08:34,,,,
A00759,118,email,2026-03-19T23:33:03+05:30,True,<cand-00073@mail.gmail.com>,,,,
A00760,514,job_board,2026-03-19T21:15:51+05:30,True,JB-100296,644,2026-03-20,shortlisted,2026-03-30
A00761,1203,whatsapp,2026-03-19T11:59:28+05:30,True,917045174955@2026-03-19T11:59,726,2026-03-27,shortlisted,2026-04-04
A00762,1214,job_board,2026-03-19T11:56:42+05:30,True,JB-100297,645,2026-03-20,rejected_after_call,2026-03-27
A00763,549,referral,2026-03-20T12:15:22+05:30,False,RF0105,646,2026-03-20,rejected,
A00764,550,job_board,2026-03-20T19:34:55+05:30,False,JB-100298,652,2026-03-24,rejected,
A00765,761,email,2026-03-20T09:17:41+05:30,False,<cand-00074@mail.gmail.com>,,,,
A00766,1561,job_board,2026-03-20T21:23:05+05:30,False,JB-100299,653,,,
A00767,1593,job_board,2026-03-20T11:12:32+05:30,False,JB-100300,654,2026-03-24,rejected,
A00768,1444,job_board,2026-03-20T18:16:57+05:30,True,JB-100301,655,2026-03-24,rejected,
A00769,414,whatsapp,2026-03-20T18:20:57+05:30,True,916218519060@2026-03-20T18:20,,,,
A00770,1013,careers,2026-03-20T23:47:37+05:30,True,5129,656,,,
A00771,1219,job_board,2026-03-20T11:26:50+05:30,True,JB-100302,657,2026-03-24,rejected,
A00772,1762,whatsapp,2026-03-20T12:54:26+05:30,True,917067649365@2026-03-20T12:54,687,,,
A00773,1632,referral,2026-03-20T15:39:55+05:30,True,RF0106,769,2026-03-31,shortlisted,2026-04-11
A00774,1526,job_board,2026-03-20T20:29:39+05:30,True,JB-100303,658,2026-03-24,shortlisted,2026-04-01
A00775,0,careers,2026-03-21T18:08:03+05:30,False,5130,660,2026-03-23,rejected,
A00776,141,job_board,2026-03-21T14:33:47+05:30,False,JB-100304,661,2026-03-23,rejected,
A00777,187,referral,2026-03-21T19:17:55+05:30,False,RF0107,,,,
A00778,507,careers,2026-03-21T08:54:34+05:30,False,5131,662,2026-03-23,rejected,
A00779,551,job_board,2026-03-21T23:27:29+05:30,False,JB-100305,663,2026-03-23,rejected,
A00780,568,job_board,2026-03-21T17:51:49+05:30,False,JB-100306,664,2026-03-23,rejected,
A00781,916,job_board,2026-03-21T16:18:21+05:30,False,JB-100307,665,,,
A00782,1049,job_board,2026-03-21T16:25:33+05:30,False,JB-100308,666,2026-03-23,rejected,
A00783,1341,job_board,2026-03-21T19:00:25+05:30,False,JB-100309,667,2026-03-23,rejected,
A00784,1678,job_board,2026-03-21T22:31:43+05:30,False,JB-100310,668,2026-03-23,rejected,
A00785,1173,referral,2026-03-21T10:25:08+05:30,True,RF0108,,,,
A00786,495,referral,2026-03-22T21:18:06+05:30,False,RF0109,,,,
A00787,1082,job_board,2026-03-22T09:12:49+05:30,False,JB-100311,672,2026-03-23,rejected,
A00788,1197,job_board,2026-03-22T11:41:57+05:30,False,JB-100312,673,2026-03-23,rejected,
A00789,1291,job_board,2026-03-22T08:50:28+05:30,False,JB-100313,674,2026-03-23,shortlisted,2026-04-03
A00790,1340,whatsapp,2026-03-22T14:38:04+05:30,False,917705966644@2026-03-22T14:38,688,2026-03-24,rejected,
A00791,1518,whatsapp,2026-03-22T09:14:35+05:30,False,919023691292@2026-03-22T09:14,,,,
A00792,1537,job_board,2026-03-22T09:31:48+05:30,False,JB-100314,675,2026-03-23,rejected,
A00793,1548,careers,2026-03-22T17:21:34+05:30,False,5132,676,2026-03-23,rejected,
A00794,1600,email,2026-03-22T19:13:00+05:30,False,<cand-00075@mail.gmail.com>,,,,
A00795,1640,careers,2026-03-22T18:25:22+05:30,False,5133,677,,,
A00796,1900,careers,2026-03-22T21:58:00+05:30,False,5134,678,2026-03-23,rejected,
A00797,1886,careers,2026-03-22T19:55:05+05:30,True,5135,679,2026-03-23,rejected,
A00798,510,job_board,2026-03-22T20:47:13+05:30,True,JB-100315,680,2026-03-23,rejected,
A00799,325,careers,2026-03-22T12:33:17+05:30,True,5136,681,2026-03-23,rejected_after_call,2026-04-03
A00800,100,careers,2026-03-23T16:54:35+05:30,False,5137,689,2026-03-24,rejected,
A00801,956,job_board,2026-03-23T13:28:12+05:30,False,JB-100316,690,2026-03-24,rejected,
A00802,1317,job_board,2026-03-23T09:45:44+05:30,False,JB-100317,691,2026-03-24,hired,2026-04-02
A00803,1413,careers,2026-03-23T22:28:06+05:30,False,5138,692,2026-03-24,shortlisted,2026-03-31
A00804,1433,job_board,2026-03-23T21:27:24+05:30,False,JB-100318,693,2026-03-24,shortlisted,2026-03-28
A00805,1490,job_board,2026-03-23T10:25:09+05:30,False,JB-100319,694,2026-03-24,rejected,
A00806,1831,referral,2026-03-23T16:07:37+05:30,False,RF0110,755,2026-03-30,rejected,
A00807,397,referral,2026-03-23T21:19:56+05:30,True,RF0111,770,2026-03-31,rejected,
A00808,1776,careers,2026-03-23T20:05:29+05:30,True,5139,695,2026-03-24,rejected,
A00809,451,whatsapp,2026-03-23T19:33:41+05:30,True,917830390511@2026-03-23T19:33,771,2026-03-31,rejected,
A00810,50,job_board,2026-03-23T15:57:51+05:30,True,JB-100320,696,2026-03-24,shortlisted,2026-04-04
A00811,1773,job_board,2026-03-23T14:14:19+05:30,True,JB-100321,697,,,
A00812,47,job_board,2026-03-24T16:24:17+05:30,False,JB-100322,700,2026-03-25,rejected,
A00813,48,job_board,2026-03-24T16:15:41+05:30,False,JB-100323,701,2026-03-25,rejected,
A00814,828,referral,2026-03-24T10:49:52+05:30,False,RF0112,798,2026-04-03,rejected,
A00815,981,job_board,2026-03-24T19:35:05+05:30,False,JB-100324,702,2026-03-25,rejected,
A00816,1029,referral,2026-03-24T17:39:14+05:30,False,RF0113,698,2026-03-24,shortlisted,2026-03-28
A00817,1855,job_board,2026-03-24T21:46:40+05:30,False,JB-100325,703,2026-03-25,rejected,
A00818,1760,careers,2026-03-24T11:40:10+05:30,True,5140,704,2026-03-25,rejected,
A00819,1823,job_board,2026-03-24T21:07:06+05:30,True,JB-100326,705,,,
A00820,540,job_board,2026-03-24T19:49:01+05:30,True,JB-100327,706,2026-03-25,rejected,
A00821,1841,job_board,2026-03-24T21:26:59+05:30,True,JB-100328,707,,,
A00822,1665,careers,2026-03-24T12:48:47+05:30,True,5141,708,,,
A00823,659,job_board,2026-03-24T15:27:14+05:30,True,JB-100329,709,2026-03-25,rejected,
A00824,204,careers,2026-03-25T13:01:31+05:30,False,5142,712,2026-03-26,shortlisted,2026-04-08
A00825,219,careers,2026-03-25T14:33:29+05:30,False,5143,713,2026-03-26,rejected,
A00826,622,job_board,2026-03-25T09:19:32+05:30,False,JB-100330,714,2026-03-26,rejected,
A00827,1050,job_board,2026-03-25T17:29:32+05:30,False,JB-100331,715,2026-03-26,rejected,
A00828,1051,referral,2026-03-25T09:41:05+05:30,False,RF0114,742,2026-03-31,rejected,
A00829,1160,referral,2026-03-25T16:39:56+05:30,False,RF0115,,,,
A00830,1226,careers,2026-03-25T09:32:10+05:30,False,5144,716,2026-03-26,shortlisted,2026-04-09
A00831,1527,job_board,2026-03-25T08:58:58+05:30,False,JB-100332,717,2026-03-26,rejected,
A00832,1588,careers,2026-03-25T10:54:01+05:30,False,5145,718,2026-03-26,rejected,
A00833,1602,job_board,2026-03-25T18:33:11+05:30,False,JB-100333,719,2026-03-26,rejected,
A00834,930,careers,2026-03-25T22:31:03+05:30,True,5146,720,2026-03-26,rejected,
A00835,1242,job_board,2026-03-25T10:34:05+05:30,True,JB-100334,721,2026-03-26,rejected,
A00836,199,job_board,2026-03-26T22:32:02+05:30,False,JB-100335,727,,,
A00837,429,whatsapp,2026-03-26T20:56:21+05:30,False,916680548888@2026-03-26T20:56,743,2026-03-31,rejected_after_call,2026-04-03
A00838,642,careers,2026-03-26T08:55:08+05:30,False,5147,728,2026-03-27,shortlisted,2026-04-10
A00839,938,referral,2026-03-26T08:16:46+05:30,False,RF0116,756,2026-03-30,rejected,
A00840,1277,job_board,2026-03-26T10:25:33+05:30,False,JB-100336,729,2026-03-27,rejected,
A00841,1432,job_board,2026-03-26T22:57:12+05:30,False,JB-100337,730,2026-03-27,rejected,
A00842,1451,job_board,2026-03-26T12:24:52+05:30,False,JB-100338,731,2026-03-27,shortlisted,2026-04-04
A00843,1465,careers,2026-03-26T22:05:11+05:30,False,5148,732,2026-03-27,rejected,
A00844,1660,job_board,2026-03-26T14:17:49+05:30,False,JB-100339,733,2026-03-27,rejected,
A00845,1802,job_board,2026-03-26T22:16:57+05:30,False,JB-100340,734,2026-03-27,rejected,
A00846,1942,job_board,2026-03-26T18:44:35+05:30,False,JB-100341,735,2026-03-27,rejected,
A00847,824,job_board,2026-03-26T19:27:17+05:30,True,JB-100342,736,2026-03-27,rejected,
A00848,668,email,2026-03-26T13:28:16+05:30,True,<cand-00076@mail.gmail.com>,737,2026-03-27,rejected,
A00849,1295,job_board,2026-03-26T21:56:48+05:30,True,JB-100343,738,2026-03-27,rejected,
A00850,912,referral,2026-03-26T17:20:35+05:30,True,RF0117,722,2026-03-26,rejected,
A00851,1267,careers,2026-03-26T10:30:48+05:30,True,5149,739,2026-03-27,hired,2026-04-01
A00852,115,whatsapp,2026-03-27T09:50:48+05:30,False,918984596116@2026-03-27T09:50,780,2026-04-01,rejected,
A00853,360,whatsapp,2026-03-27T19:02:12+05:30,False,918326273667@2026-03-27T19:02,,,,
A00854,880,job_board,2026-03-27T14:28:03+05:30,False,JB-100344,744,2026-03-31,rejected,
A00855,945,whatsapp,2026-03-27T20:05:17+05:30,False,918330677890@2026-03-27T20:05,,,,
A00856,865,whatsapp,2026-03-27T13:17:14+05:30,True,918376598667@2026-03-27T13:17,,,,
A00857,1332,whatsapp,2026-03-27T20:30:22+05:30,True,916174771170@2026-03-27T20:30,772,,,
W0015,320,walk_in,2026-03-27T15:30:01+05:30,False,,723,2026-03-27,hired,2026-04-12
A00859,31,job_board,2026-03-28T15:53:43+05:30,False,JB-100345,747,,,
A00860,391,whatsapp,2026-03-28T14:24:51+05:30,False,916710728300@2026-03-28T14:24,804,2026-04-06,rejected_after_call,2026-04-16
A00861,467,job_board,2026-03-28T09:43:36+05:30,False,JB-100346,748,,,
A00862,1151,job_board,2026-03-28T11:39:13+05:30,False,JB-100347,749,2026-03-30,rejected,
A00863,1668,job_board,2026-03-28T20:45:47+05:30,False,JB-100348,750,2026-03-30,rejected,
A00864,1907,job_board,2026-03-28T21:26:13+05:30,False,JB-100349,751,2026-03-30,hired,2026-04-14
A00865,1016,job_board,2026-03-28T08:16:32+05:30,True,JB-100350,752,2026-03-30,rejected,
A00866,517,careers,2026-03-28T13:37:14+05:30,True,5150,753,2026-03-30,shortlisted,2026-04-01
A00867,634,job_board,2026-03-28T20:47:00+05:30,True,JB-100351,754,2026-03-30,rejected,
A00868,113,email,2026-03-29T19:02:51+05:30,False,<cand-00077@mail.gmail.com>,757,2026-03-30,shortlisted,2026-04-09
A00869,168,referral,2026-03-29T11:52:34+05:30,False,RF0118,839,2026-04-07,rejected,
A00870,355,careers,2026-03-29T19:27:19+05:30,False,5151,758,2026-03-30,rejected,
A00871,1021,job_board,2026-03-29T10:13:10+05:30,False,JB-100352,759,,,
A00872,1099,job_board,2026-03-29T10:30:38+05:30,False,JB-100353,760,2026-03-30,rejected,
A00873,1110,whatsapp,2026-03-29T12:06:05+05:30,False,919567390053@2026-03-29T12:06,872,2026-04-10,rejected,
A00874,1387,job_board,2026-03-29T13:17:11+05:30,False,JB-100354,761,2026-03-30,rejected,
A00875,1470,job_board,2026-03-29T08:04:05+05:30,False,JB-100355,762,2026-03-30,rejected,
A00876,1797,email,2026-03-29T22:23:17+05:30,False,<cand-00078@mail.gmail.com>,873,2026-04-10,rejected,
A00877,1916,job_board,2026-03-29T21:50:22+05:30,False,JB-100356,763,2026-03-30,rejected,
A00878,356,referral,2026-03-29T11:03:37+05:30,True,RF0119,,,,
A00879,344,job_board,2026-03-29T08:24:56+05:30,True,JB-100357,765,2026-03-30,rejected,
A00880,396,job_board,2026-03-29T20:57:53+05:30,True,JB-100358,766,2026-03-30,rejected,
A00881,57,careers,2026-03-30T21:52:05+05:30,False,5152,773,2026-03-31,rejected,
A00882,85,referral,2026-03-30T10:18:25+05:30,False,RF0120,832,,,
A00883,326,job_board,2026-03-30T20:47:41+05:30,False,JB-100359,774,2026-03-31,rejected,
A00884,644,job_board,2026-03-30T11:49:10+05:30,False,JB-100360,775,2026-03-31,shortlisted,2026-04-15
A00885,791,careers,2026-03-30T08:43:50+05:30,False,5153,776,2026-03-31,rejected,
A00886,1265,email,2026-03-30T16:44:15+05:30,False,<cand-00079@mail.gmail.com>,767,2026-03-30,rejected,
A00887,1270,whatsapp,2026-03-30T16:20:38+05:30,False,919136687942@2026-03-30T16:20,,,,
A00888,1336,job_board,2026-03-30T17:39:34+05:30,False,JB-100361,777,2026-03-31,rejected,
A00889,1361,careers,2026-03-30T09:25:08+05:30,True,5154,778,2026-03-31,rejected,
A00890,392,job_board,2026-03-30T20:18:49+05:30,True,JB-100362,779,2026-03-31,rejected,
A00891,245,job_board,2026-03-31T09:39:38+05:30,False,JB-100363,781,2026-04-01,rejected_after_call,2026-04-12
A00892,1088,job_board,2026-03-31T22:26:41+05:30,False,JB-100364,782,2026-04-01,rejected,
A00893,1266,whatsapp,2026-03-31T22:11:42+05:30,False,919359185062@2026-03-31T22:11,874,2026-04-10,rejected,
A00894,1486,job_board,2026-03-31T10:01:21+05:30,False,JB-100365,783,2026-04-01,rejected,
A00895,1494,job_board,2026-03-31T09:24:57+05:30,False,JB-100366,784,2026-04-01,rejected,
A00896,1676,whatsapp,2026-03-31T18:39:27+05:30,False,919286262393@2026-03-31T18:39,,,,
A00897,1938,job_board,2026-03-31T23:26:14+05:30,False,JB-100367,785,2026-04-01,shortlisted,2026-04-11
A00898,1848,job_board,2026-03-31T10:03:13+05:30,True,JB-100368,786,2026-04-01,rejected,
A00899,241,job_board,2026-03-31T19:02:12+05:30,True,JB-100369,787,2026-04-01,rejected,
A00900,1577,job_board,2026-03-31T16:06:11+05:30,True,JB-100370,788,2026-04-01,rejected,
W0016,862,walk_in,2026-03-31T18:41:00+05:30,False,,768,2026-03-31,shortlisted,2026-04-15
A00902,136,careers,2026-04-01T21:24:07+05:30,False,5155,791,2026-04-02,rejected,
A00903,365,job_board,2026-04-01T19:35:00+05:30,False,JB-100371,792,2026-04-02,rejected,
A00904,967,job_board,2026-04-01T08:06:44+05:30,False,JB-100372,793,2026-04-02,rejected,
A00905,1303,whatsapp,2026-04-01T09:07:51+05:30,False,919042498345@2026-04-01T09:07,886,2026-04-13,rejected,
A00906,1348,referral,2026-04-01T16:00:58+05:30,False,RF0121,860,2026-04-09,rejected,
A00907,1633,whatsapp,2026-04-01T11:54:52+05:30,False,917586388058@2026-04-01T11:54,794,2026-04-02,shortlisted,2026-04-13
A00908,1803,careers,2026-04-01T10:39:49+05:30,False,5156,795,2026-04-02,rejected_after_call,2026-04-13
A00909,1184,referral,2026-04-01T23:00:36+05:30,True,RF0122,789,,,
A00910,1868,job_board,2026-04-01T20:14:03+05:30,True,JB-100373,796,,,
A00911,1721,whatsapp,2026-04-01T21:00:28+05:30,True,916944860525@2026-04-01T21:00,,,,
A00912,679,referral,2026-04-01T12:47:35+05:30,True,RF0123,797,,,
A00913,603,careers,2026-04-02T13:01:10+05:30,False,5157,799,,,
A00914,1156,job_board,2026-04-02T14:15:32+05:30,False,JB-100374,800,,,
A00915,1863,careers,2026-04-02T12:34:38+05:30,False,5158,801,2026-04-03,rejected,
A00916,1101,whatsapp,2026-04-02T22:46:45+05:30,True,918274396773@2026-04-02T22:46,,,,
A00917,1037,job_board,2026-04-02T08:10:50+05:30,True,JB-100375,802,2026-04-03,rejected,
A00918,762,whatsapp,2026-04-02T09:05:29+05:30,True,917160518335@2026-04-02T09:05,,,,
A00919,767,careers,2026-04-02T14:26:17+05:30,True,5159,803,2026-04-03,shortlisted,2026-04-06
W0017,1269,walk_in,2026-04-02T21:07:40+05:30,True,,790,2026-04-02,hired,2026-04-16
A00921,111,careers,2026-04-03T18:16:59+05:30,False,5160,805,2026-04-06,rejected,
A00922,209,job_board,2026-04-03T16:28:24+05:30,False,JB-100376,806,2026-04-06,shortlisted,2026-04-20
A00923,432,job_board,2026-04-03T11:24:35+05:30,False,JB-100377,807,2026-04-07,rejected,
A00924,502,whatsapp,2026-04-03T11:53:39+05:30,False,916356357595@2026-04-03T11:53,820,2026-04-06,rejected,
A00925,532,careers,2026-04-03T21:11:23+05:30,False,5161,808,2026-04-07,rejected_after_call,2026-04-19
A00926,543,job_board,2026-04-03T08:00:06+05:30,False,JB-100378,809,2026-04-07,shortlisted,2026-04-23
A00927,621,job_board,2026-04-03T17:23:53+05:30,False,JB-100379,810,2026-04-07,rejected,
A00928,665,job_board,2026-04-03T17:25:37+05:30,False,JB-100380,811,2026-04-07,rejected,
A00929,993,job_board,2026-04-03T22:35:13+05:30,False,JB-100381,812,2026-04-07,rejected,
A00930,1059,job_board,2026-04-03T11:06:58+05:30,False,JB-100382,813,2026-04-07,rejected,
A00931,1097,job_board,2026-04-03T19:55:43+05:30,False,JB-100383,814,2026-04-07,rejected,
A00932,1143,whatsapp,2026-04-03T15:26:55+05:30,False,919747232137@2026-04-03T15:26,850,2026-04-08,rejected,
A00933,1188,job_board,2026-04-03T21:11:41+05:30,False,JB-100384,815,2026-04-07,rejected,
A00934,1355,careers,2026-04-03T11:34:17+05:30,False,5162,816,,,
A00935,1617,job_board,2026-04-03T08:21:47+05:30,False,JB-100385,817,2026-04-07,rejected,
A00936,1896,careers,2026-04-03T13:45:33+05:30,False,5163,818,2026-04-07,rejected,
A00937,1307,referral,2026-04-03T21:36:54+05:30,True,RF0124,931,2026-04-15,rejected,
A00938,307,email,2026-04-03T20:40:29+05:30,True,<cand-00080@mail.gmail.com>,821,2026-04-06,rejected,
A00939,294,email,2026-04-03T23:39:53+05:30,True,<cand-00081@mail.gmail.com>,,,,
A00940,1385,whatsapp,2026-04-03T23:19:42+05:30,True,916357823677@2026-04-03T23:19,914,,,
A00941,509,careers,2026-04-03T13:41:53+05:30,True,5164,819,2026-04-07,rejected,
A00942,237,email,2026-04-03T14:19:22+05:30,True,<cand-00082@mail.gmail.com>,861,2026-04-09,hired,2026-04-20
A00943,512,job_board,2026-04-04T15:27:56+05:30,False,JB-100386,822,2026-04-06,rejected,
A00944,628,job_board,2026-04-04T18:21:59+05:30,False,JB-100387,823,2026-04-06,rejected,
A00945,854,email,2026-04-04T16:40:45+05:30,False,<cand-00083@mail.gmail.com>,932,,,
A00946,1237,careers,2026-04-04T10:29:20+05:30,False,5165,824,2026-04-06,rejected,
A00947,1320,job_board,2026-04-04T18:51:29+05:30,False,JB-100388,825,2026-04-06,rejected,
A00948,1434,job_board,2026-04-04T21:11:03+05:30,False,JB-100389,826,2026-04-06,rejected,
A00949,1664,job_board,2026-04-04T22:04:17+05:30,False,JB-100390,827,2026-04-06,rejected,
A00950,848,job_board,2026-04-04T16:41:28+05:30,True,JB-100391,828,2026-04-06,rejected,
A00951,1650,whatsapp,2026-04-04T23:11:29+05:30,True,918713419169@2026-04-04T23:11,840,2026-04-07,rejected,
A00952,1725,careers,2026-04-04T17:32:05+05:30,True,5166,829,2026-04-06,shortlisted,2026-04-21
A00953,1535,careers,2026-04-04T08:12:27+05:30,True,5167,830,2026-04-06,shortlisted,2026-04-08
A00954,269,job_board,2026-04-04T17:27:09+05:30,True,JB-100392,831,,,
A00955,23,job_board,2026-04-05T18:46:11+05:30,False,JB-100393,833,2026-04-06,rejected,
A00956,303,job_board,2026-04-05T08:06:02+05:30,False,JB-100394,834,2026-04-06,rejected,
A00957,328,careers,2026-04-05T22:04:51+05:30,False,5168,835,2026-04-06,rejected,
A00958,843,job_board,2026-04-05T16:10:36+05:30,False,JB-100395,836,2026-04-06,rejected_after_call,2026-04-10
A00959,1321,job_board,2026-04-05T19:25:28+05:30,False,JB-100396,837,2026-04-06,rejected,
A00960,1521,job_board,2026-04-05T11:04:02+05:30,False,JB-100397,838,2026-04-06,rejected,
A00961,1906,whatsapp,2026-04-05T08:47:09+05:30,False,916227980593@2026-04-05T08:47,887,2026-04-14,rejected,
A00962,1073,referral,2026-04-05T09:52:03+05:30,True,RF0125,,,,
A00963,58,job_board,2026-04-06T20:49:43+05:30,False,JB-100398,841,2026-04-07,rejected,
A00964,412,email,2026-04-06T23:42:08+05:30,False,<cand-00084@mail.gmail.com>,888,2026-04-14,rejected,
A00965,436,careers,2026-04-06T22:05:30+05:30,False,5169,842,,,
A00966,818,email,2026-04-06T20:31:36+05:30,False,<cand-00085@mail.gmail.com>,945,2026-04-16,hired,2026-04-18
A00967,837,careers,2026-04-06T16:39:37+05:30,False,5170,843,2026-04-07,rejected,
A00968,1018,careers,2026-04-06T21:17:48+05:30,False,5171,844,2026-04-07,shortlisted,2026-04-22
A00969,1162,email,2026-04-06T21:48:20+05:30,False,<cand-00086@mail.gmail.com>,889,2026-04-14,rejected_after_call,2026-04-21
A00970,1190,job_board,2026-04-06T13:56:28+05:30,False,JB-100399,845,2026-04-07,rejected,
A00971,1373,whatsapp,2026-04-06T16:59:25+05:30,False,917385289375@2026-04-06T16:59,,,,
A00972,1511,email,2026-04-06T23:44:46+05:30,False,<cand-00087@mail.gmail.com>,,,,
A00973,1954,whatsapp,2026-04-06T11:39:50+05:30,False,917252855573@2026-04-06T11:39,897,2026-04-13,shortlisted,2026-04-28
A00974,724,email,2026-04-06T12:45:24+05:30,True,<cand-00088@mail.gmail.com>,955,2026-04-17,rejected_after_call,2026-04-26
A00975,729,job_board,2026-04-06T11:07:10+05:30,True,JB-100400,846,,,
A00976,888,job_board,2026-04-06T13:31:42+05:30,True,JB-100401,847,,,
A00977,38,job_board,2026-04-07T21:02:04+05:30,False,JB-100402,851,2026-04-08,rejected_after_call,2026-04-23
A00978,93,careers,2026-04-07T17:39:09+05:30,False,5172,852,2026-04-08,rejected,
A00979,134,email,2026-04-07T15:06:09+05:30,False,<cand-00089@mail.gmail.com>,875,2026-04-10,rejected,
A00980,267,whatsapp,2026-04-07T16:22:59+05:30,False,916298959566@2026-04-07T16:22,,,,
A00981,751,referral,2026-04-07T17:49:32+05:30,False,RF0126,890,2026-04-14,rejected,
A00982,785,careers,2026-04-07T22:37:57+05:30,False,5173,853,2026-04-08,shortlisted,2026-04-12
A00983,1066,job_board,2026-04-07T23:16:28+05:30,False,JB-100403,854,2026-04-08,shortlisted,2026-04-16
A00984,1263,referral,2026-04-07T15:27:37+05:30,False,RF0127,898,,,
A00985,1329,careers,2026-04-07T23:48:30+05:30,False,5174,855,2026-04-08,rejected,
A00986,1421,job_board,2026-04-07T22:25:44+05:30,False,JB-100404,856,2026-04-08,rejected,
A00987,1795,email,2026-04-07T18:36:46+05:30,False,<cand-00090@mail.gmail.com>,862,2026-04-09,rejected,
A00988,1124,job_board,2026-04-07T12:42:23+05:30,True,JB-100405,857,2026-04-08,rejected,
A00989,851,whatsapp,2026-04-07T14:17:36+05:30,True,918053060962@2026-04-07T14:17,848,,,
A00990,1506,job_board,2026-04-07T18:11:04+05:30,True,JB-100406,858,2026-04-08,rejected_after_call,2026-04-18
A00991,1415,job_board,2026-04-07T17:50:01+05:30,True,JB-100407,859,,,
A00992,682,referral,2026-04-07T21:35:35+05:30,True,RF0128,891,2026-04-14,hired,2026-04-29
A00993,5,whatsapp,2026-04-08T19:52:13+05:30,False,919684868303@2026-04-08T19:52,972,2026-04-20,rejected_after_call,2026-04-29
A00994,66,job_board,2026-04-08T22:33:13+05:30,False,JB-100408,863,2026-04-09,rejected,
A00995,587,careers,2026-04-08T19:01:22+05:30,False,5175,864,2026-04-09,rejected,
A00996,781,job_board,2026-04-08T14:01:15+05:30,False,JB-100409,865,2026-04-09,rejected,
A00997,838,job_board,2026-04-08T11:59:19+05:30,False,JB-100410,866,2026-04-09,rejected_after_call,2026-04-17
A00998,1410,job_board,2026-04-08T18:46:21+05:30,False,JB-100411,867,2026-04-09,rejected_after_call,2026-04-19
A00999,1781,whatsapp,2026-04-08T23:34:32+05:30,False,916100136697@2026-04-08T23:34,920,2026-04-14,shortlisted,2026-04-19
A01000,33,email,2026-04-08T12:27:46+05:30,True,<cand-00091@mail.gmail.com>,915,2026-04-13,shortlisted,2026-04-28
A01001,313,careers,2026-04-08T20:29:37+05:30,True,5176,868,,,
A01002,472,job_board,2026-04-08T08:09:23+05:30,True,JB-100412,869,2026-04-09,rejected,
A01003,1643,job_board,2026-04-08T08:22:03+05:30,True,JB-100413,870,,,
A01004,1662,job_board,2026-04-08T17:39:31+05:30,True,JB-100414,871,,,
W0018,1108,walk_in,2026-04-08T16:39:25+05:30,True,,849,2026-04-08,rejected_after_call,2026-04-17
A01006,423,job_board,2026-04-09T15:43:51+05:30,False,JB-100415,876,2026-04-10,shortlisted,2026-04-21
A01007,435,careers,2026-04-09T14:56:13+05:30,False,5177,877,2026-04-10,rejected,
A01008,446,referral,2026-04-09T10:35:45+05:30,False,RF0129,997,2026-04-21,rejected,
A01009,685,job_board,2026-04-09T14:18:36+05:30,False,JB-100416,878,2026-04-10,rejected,
A01010,913,referral,2026-04-09T12:05:41+05:30,False,RF0130,916,2026-04-13,hired,2026-04-27
A01011,963,job_board,2026-04-09T09:08:44+05:30,False,JB-100417,879,2026-04-10,rejected,
A01012,1012,job_board,2026-04-09T19:48:10+05:30,False,JB-100418,880,2026-04-10,rejected,
A01013,1095,whatsapp,2026-04-09T23:24:14+05:30,False,917690141400@2026-04-09T23:24,933,2026-04-15,rejected,
A01014,1376,careers,2026-04-09T13:09:35+05:30,False,5178,881,2026-04-10,rejected,
A01015,1636,careers,2026-04-09T18:19:54+05:30,False,5179,882,,,
A01016,1656,job_board,2026-04-09T18:26:17+05:30,False,JB-100419,883,2026-04-10,rejected,
A01017,1685,referral,2026-04-09T17:45:24+05:30,False,RF0131,,,,
A01018,314,careers,2026-04-09T14:17:28+05:30,True,5180,884,,,
A01019,491,whatsapp,2026-04-09T16:15:27+05:30,True,917865940326@2026-04-09T16:15,899,2026-04-13,rejected,
A01020,84,job_board,2026-04-09T10:24:11+05:30,True,JB-100420,885,,,
A01021,680,email,2026-04-09T13:55:30+05:30,True,<cand-00092@mail.gmail.com>,956,2026-04-17,hired,2026-05-01
A01022,1135,whatsapp,2026-04-09T08:24:22+05:30,True,918195922044@2026-04-09T08:24,998,,,
A01023,75,careers,2026-04-10T15:59:42+05:30,False,5181,892,2026-04-14,rejected,
A01024,198,whatsapp,2026-04-10T17:44:11+05:30,False,919391931499@2026-04-10T17:44,893,,,
A01025,366,whatsapp,2026-04-10T23:27:09+05:30,False,919289591455@2026-04-10T23:27,,,,
A01026,544,email,2026-04-10T20:55:17+05:30,False,<cand-00093@mail.gmail.com>,,,,
A01027,862,job_board,2026-04-10T11:27:57+05:30,False,JB-100421,894,2026-04-14,rejected,
A01028,1231,referral,2026-04-10T14:22:23+05:30,False,RF0132,934,2026-04-15,shortlisted,2026-04-20
A01029,1417,whatsapp,2026-04-10T13:11:47+05:30,False,919428692083@2026-04-10T13:11,,,,
A01030,1655,whatsapp,2026-04-10T23:11:25+05:30,False,919860697037@2026-04-10T23:11,1010,2026-04-22,rejected,
A01031,413,careers,2026-04-10T09:01:39+05:30,True,5182,895,,,
A01032,159,whatsapp,2026-04-10T19:08:17+05:30,True,919044625470@2026-04-10T19:08,1011,2026-04-22,rejected,
A01033,1552,referral,2026-04-10T14:26:54+05:30,True,RF0133,,,,
A01034,1420,careers,2026-04-10T09:47:46+05:30,True,5183,896,,,
A01035,1129,referral,2026-04-10T13:01:49+05:30,True,RF0134,935,2026-04-15,rejected,
A01036,290,email,2026-04-10T19:50:54+05:30,True,<cand-00094@mail.gmail.com>,,,,
A01037,46,email,2026-04-11T20:22:58+05:30,False,<cand-00095@mail.gmail.com>,962,2026-04-20,rejected,
A01038,277,careers,2026-04-11T22:51:21+05:30,False,5184,900,2026-04-13,rejected,
A01039,402,careers,2026-04-11T20:51:08+05:30,False,5185,901,2026-04-13,rejected,
A01040,447,referral,2026-04-11T21:27:23+05:30,False,RF0135,973,,,
A01041,524,job_board,2026-04-11T21:14:58+05:30,False,JB-100422,902,2026-04-13,rejected_after_call,2026-04-28
A01042,693,whatsapp,2026-04-11T09:14:27+05:30,False,919659959519@2026-04-11T09:14,,,,
A01043,1003,job_board,2026-04-11T16:52:22+05:30,False,JB-100423,903,2026-04-13,rejected,
A01044,1117,careers,2026-04-11T11:29:06+05:30,False,5186,904,2026-04-13,rejected,
A01045,1229,job_board,2026-04-11T08:09:47+05:30,False,JB-100424,905,2026-04-13,rejected_after_call,2026-04-24
A01046,1312,referral,2026-04-11T14:33:03+05:30,False,RF0136,974,,,
A01047,1516,careers,2026-04-11T10:00:46+05:30,False,5187,906,2026-04-13,rejected,
A01048,1742,job_board,2026-04-11T11:30:23+05:30,False,JB-100425,907,2026-04-13,rejected_after_call,2026-04-17
A01049,1701,job_board,2026-04-11T21:32:28+05:30,True,JB-100426,908,2026-04-13,rejected,
A01050,305,careers,2026-04-11T16:44:48+05:30,True,5188,909,2026-04-13,rejected_after_call,2026-04-23
A01051,238,job_board,2026-04-11T11:34:32+05:30,True,JB-100427,910,2026-04-13,rejected,
A01052,1792,email,2026-04-11T13:30:04+05:30,True,<cand-00096@mail.gmail.com>,,,,
A01053,907,job_board,2026-04-11T14:04:41+05:30,True,JB-100428,911,2026-04-13,rejected,
A01054,92,job_board,2026-04-11T14:00:34+05:30,True,JB-100429,912,,,
A01055,1318,careers,2026-04-11T23:33:53+05:30,True,5189,913,2026-04-13,rejected_after_call,2026-04-17
A01056,979,careers,2026-04-12T23:11:32+05:30,False,5190,917,2026-04-13,rejected_after_call,2026-04-18
A01057,1618,careers,2026-04-12T16:52:29+05:30,False,5191,918,2026-04-13,rejected,
A01058,12,job_board,2026-04-12T15:53:04+05:30,True,JB-100430,919,2026-04-13,shortlisted,2026-04-22
A01059,575,email,2026-04-13T18:23:32+05:30,False,<cand-00097@mail.gmail.com>,,,,
A01060,1034,job_board,2026-04-13T13:33:52+05:30,False,JB-100431,921,2026-04-14,rejected,
A01061,1070,whatsapp,2026-04-13T09:06:18+05:30,False,919773906776@2026-04-13T09:06,999,,,
A01062,1139,job_board,2026-04-13T23:19:25+05:30,False,JB-100432,922,2026-04-14,rejected,
A01063,1547,job_board,2026-04-13T22:36:37+05:30,False,JB-100433,923,2026-04-14,rejected,
A01064,1755,whatsapp,2026-04-13T22:53:59+05:30,False,917943783105@2026-04-13T22:53,924,,,
A01065,1884,careers,2026-04-13T13:16:28+05:30,False,5192,925,2026-04-14,rejected,
A01066,1904,referral,2026-04-13T21:07:17+05:30,False,RF0137,1032,2026-04-24,rejected,
A01067,1935,careers,2026-04-13T15:06:27+05:30,False,5193,926,2026-04-14,rejected,
A01068,554,job_board,2026-04-13T23:43:53+05:30,True,JB-100434,927,2026-04-14,hired,2026-04-20
A01069,1357,careers,2026-04-13T08:42:30+05:30,True,5194,928,2026-04-14,rejected,
A01070,1952,whatsapp,2026-04-13T21:59:53+05:30,True,919441223132@2026-04-13T21:59,982,,,
A01071,1594,referral,2026-04-13T08:13:40+05:30,True,RF0138,975,2026-04-20,rejected,
A01072,1913,job_board,2026-04-13T17:01:08+05:30,True,JB-100435,929,2026-04-14,rejected,
A01073,149,job_board,2026-04-14T19:29:44+05:30,False,JB-100436,936,2026-04-15,rejected,
A01074,176,referral,2026-04-14T18:34:56+05:30,False,RF0139,1000,,,
A01075,847,whatsapp,2026-04-14T20:42:19+05:30,False,918777878702@2026-04-14T20:42,,,,
A01076,896,job_board,2026-04-14T17:42:50+05:30,False,JB-100437,937,2026-04-15,shortlisted,2026-04-22
A01077,949,job_board,2026-04-14T11:17:54+05:30,False,JB-100438,938,2026-04-15,rejected,
A01078,997,job_board,2026-04-14T18:17:21+05:30,False,JB-100439,939,2026-04-15,shortlisted,2026-04-27
A01079,1006,job_board,2026-04-14T19:14:49+05:30,False,JB-100440,940,2026-04-15,rejected,
A01080,1172,whatsapp,2026-04-14T12:27:28+05:30,False,919596182513@2026-04-14T12:27,983,2026-04-20,rejected,
A01081,1235,careers,2026-04-14T12:31:44+05:30,False,5195,941,2026-04-15,rejected,
A01082,1272,careers,2026-04-14T09:17:39+05:30,False,5196,942,,,
A01083,1377,job_board,2026-04-14T14:00:07+05:30,False,JB-100441,943,2026-04-15,rejected,
A01084,1751,whatsapp,2026-04-14T14:29:02+05:30,True,919352494158@2026-04-14T14:29,1033,,,
A01085,941,whatsapp,2026-04-14T20:53:35+05:30,True,918995614758@2026-04-14T20:53,976,2026-04-20,rejected,
A01086,565,job_board,2026-04-15T22:33:14+05:30,False,JB-100442,946,2026-04-16,rejected,
A01087,758,referral,2026-04-15T16:44:11+05:30,False,RF0140,944,2026-04-15,rejected,
A01088,1010,careers,2026-04-15T23:52:36+05:30,False,5197,947,2026-04-16,rejected,
A01089,1057,email,2026-04-15T11:48:25+05:30,False,<cand-00098@mail.gmail.com>,1071,2026-04-27,rejected,
A01090,1107,careers,2026-04-15T23:00:00+05:30,False,5198,948,2026-04-16,rejected_after_call,2026-04-19
A01091,1149,careers,2026-04-15T22:39:36+05:30,False,5199,949,2026-04-16,rejected,
A01092,1360,whatsapp,2026-04-15T09:20:55+05:30,False,919391978712@2026-04-15T09:20,1072,,,
A01093,1698,referral,2026-04-15T22:24:56+05:30,False,RF0141,,,,
A01094,835,careers,2026-04-15T18:09:27+05:30,True,5200,950,2026-04-16,rejected,
A01095,678,careers,2026-04-15T08:28:27+05:30,True,5201,951,,,
A01096,76,job_board,2026-04-15T23:59:54+05:30,True,JB-100443,952,,,
A01097,625,job_board,2026-04-15T15:32:25+05:30,True,JB-100444,953,,,
A01098,120,job_board,2026-04-15T16:49:04+05:30,True,JB-100445,954,2026-04-16,rejected,
A01099,444,referral,2026-04-15T20:51:33+05:30,True,RF0142,1045,2026-04-27,rejected,
W0019,793,walk_in,2026-04-15T22:33:06+05:30,False,,930,2026-04-15,shortlisted,2026-04-24
A01101,427,whatsapp,2026-04-16T22:19:01+05:30,False,916267537142@2026-04-16T22:19,,,,
A01102,480,email,2026-04-16T17:50:23+05:30,False,<cand-00099@mail.gmail.com>,957,,,
A01103,574,job_board,2026-04-16T13:28:03+05:30,False,JB-100446,958,2026-04-17,hired,2026-04-30
A01104,1523,whatsapp,2026-04-16T09:47:47+05:30,False,916307054746@2026-04-16T09:47,1034,,,
A01105,1711,careers,2026-04-16T09:13:24+05:30,False,5202,959,,,
A01106,1806,job_board,2026-04-16T14:20:18+05:30,False,JB-100447,960,,,
A01107,1820,email,2026-04-16T13:10:50+05:30,False,<cand-00100@mail.gmail.com>,1059,2026-04-27,rejected,
A01108,1836,referral,2026-04-16T15:12:46+05:30,True,RF0143,1060,2026-04-27,rejected,
A01109,1782,whatsapp,2026-04-16T19:24:37+05:30,True,917081114449@2026-04-16T19:24,1073,2026-04-27,rejected,
A01110,1472,referral,2026-04-16T13:06:55+05:30,True,RF0144,984,,,
A01111,389,careers,2026-04-17T21:31:58+05:30,False,5203,963,,,
A01112,421,job_board,2026-04-17T12:13:52+05:30,False,JB-100448,964,2026-04-20,rejected,
A01113,439,referral,2026-04-17T17:36:15+05:30,False,RF0145,1061,2026-04-27,rejected_after_call,2026-05-13
A01114,576,whatsapp,2026-04-17T16:23:58+05:30,False,918563255885@2026-04-17T16:23,1012,2026-04-22,rejected,
A01115,778,job_board,2026-04-17T13:05:19+05:30,False,JB-100449,965,2026-04-21,rejected,
A01116,960,careers,2026-04-17T14:42:27+05:30,False,5204,966,2026-04-21,rejected,
A01117,988,job_board,2026-04-17T11:02:54+05:30,False,JB-100450,967,2026-04-21,rejected_after_call,2026-05-07
A01118,1555,job_board,2026-04-17T09:09:25+05:30,False,JB-100451,969,2026-04-21,hired,2026-04-24
A01119,1877,careers,2026-04-17T17:34:46+05:30,False,5205,970,2026-04-21,rejected,
A01120,470,job_board,2026-04-17T17:08:20+05:30,True,JB-100452,971,2026-04-21,rejected,
A01121,107,whatsapp,2026-04-17T18:01:28+05:30,True,917588043305@2026-04-17T18:01,961,2026-04-17,rejected,
A01122,1098,email,2026-04-17T18:14:01+05:30,True,<cand-00101@mail.gmail.com>,,,,
A01123,362,email,2026-04-18T15:00:59+05:30,True,<cand-00102@mail.gmail.com>,,,,
A01124,1807,job_board,2026-04-18T09:47:59+05:30,True,JB-100453,977,2026-04-20,rejected,
A01125,77,job_board,2026-04-18T12:30:03+05:30,True,JB-100454,978,2026-04-20,hired,2026-05-01
A01126,1286,referral,2026-04-18T15:14:52+05:30,True,RF0146,1091,,,
A01127,1297,job_board,2026-04-18T21:49:13+05:30,True,JB-100455,979,2026-04-20,rejected,
A01128,1186,careers,2026-04-18T10:02:34+05:30,True,5206,980,2026-04-20,rejected,
A01129,232,careers,2026-04-19T19:15:02+05:30,False,5207,985,2026-04-20,rejected,
A01130,395,careers,2026-04-19T21:26:01+05:30,False,5208,986,2026-04-20,rejected,
A01131,593,careers,2026-04-19T08:57:49+05:30,False,5209,987,2026-04-20,rejected,
A01132,652,email,2026-04-19T20:24:00+05:30,False,<cand-00103@mail.gmail.com>,1110,2026-05-01,rejected,
A01133,895,careers,2026-04-19T08:54:32+05:30,False,5210,988,2026-04-20,rejected,
A01134,1052,referral,2026-04-19T12:35:18+05:30,False,RF0147,,,,
A01135,1092,careers,2026-04-19T13:22:42+05:30,False,5211,989,2026-04-20,rejected,
A01136,1134,referral,2026-04-19T13:25:43+05:30,False,RF0148,,,,
A01137,1238,job_board,2026-04-19T19:24:44+05:30,False,JB-100456,990,2026-04-20,shortlisted,2026-04-28
A01138,1714,careers,2026-04-19T08:59:55+05:30,False,5212,991,2026-04-20,rejected,
A01139,1798,job_board,2026-04-19T16:42:05+05:30,False,JB-100457,992,2026-04-20,rejected,
A01140,1854,whatsapp,2026-04-19T20:29:39+05:30,False,917013181164@2026-04-19T20:29,,,,
A01141,1923,job_board,2026-04-19T23:33:04+05:30,False,JB-100458,993,2026-04-20,rejected,
A01142,606,careers,2026-04-19T19:17:31+05:30,True,5213,994,,,
A01143,1808,careers,2026-04-19T11:10:57+05:30,True,5214,995,2026-04-20,rejected,
A01144,1557,email,2026-04-19T22:20:24+05:30,True,<cand-00104@mail.gmail.com>,,,,
A01145,671,careers,2026-04-19T19:23:50+05:30,True,5215,996,2026-04-20,rejected,
A01146,569,whatsapp,2026-04-19T18:39:45+05:30,True,919629312177@2026-04-19T18:39,,,,
A01147,1407,whatsapp,2026-04-19T15:05:54+05:30,True,918558568743@2026-04-19T15:05,1081,2026-04-28,rejected,
A01148,306,job_board,2026-04-20T20:02:00+05:30,False,JB-100459,1001,2026-04-21,rejected,
A01149,343,email,2026-04-20T23:46:00+05:30,False,<cand-00105@mail.gmail.com>,,,,
A01150,823,careers,2026-04-20T22:20:59+05:30,False,5216,1002,,,
A01151,914,job_board,2026-04-20T09:06:52+05:30,False,JB-100460,1003,2026-04-21,rejected,
A01152,1079,job_board,2026-04-20T21:53:07+05:30,False,JB-100461,1004,2026-04-21,shortlisted,2026-04-23
A01153,1093,job_board,2026-04-20T18:54:20+05:30,False,JB-100462,1005,2026-04-21,rejected_after_call,2026-05-05
A01154,1125,referral,2026-04-20T14:59:06+05:30,False,RF0149,1074,,,
A01155,1718,referral,2026-04-20T21:34:40+05:30,False,RF0150,1046,2026-04-27,rejected,
A01156,1893,careers,2026-04-20T20:16:58+05:30,False,5217,1006,2026-04-21,rejected,
A01157,1591,careers,2026-04-20T21:00:49+05:30,True,5218,1007,,,
A01158,869,careers,2026-04-20T21:05:42+05:30,True,5219,1008,2026-04-21,rejected,
A01159,1453,careers,2026-04-20T21:59:29+05:30,True,5220,1009,2026-04-21,rejected,
W0020,1918,walk_in,2026-04-20T16:06:41+05:30,False,,981,2026-04-20,rejected,
A01161,51,job_board,2026-04-21T23:01:32+05:30,False,JB-100463,1013,,,
A01162,227,whatsapp,2026-04-21T09:19:56+05:30,False,916729277369@2026-04-21T09:19,,,,
A01163,300,job_board,2026-04-21T19:54:09+05:30,False,JB-100464,1014,2026-04-22,rejected,
A01164,522,job_board,2026-04-21T11:17:08+05:30,False,JB-100465,1015,2026-04-22,rejected,
A01165,570,job_board,2026-04-21T15:54:00+05:30,False,JB-100466,1016,2026-04-22,rejected,
A01166,734,email,2026-04-21T14:52:50+05:30,False,<cand-00106@mail.gmail.com>,1017,,,
A01167,1239,referral,2026-04-21T18:40:05+05:30,False,RF0151,1062,2026-04-27,rejected,
A01168,1334,email,2026-04-21T20:42:41+05:30,False,<cand-00107@mail.gmail.com>,1111,2026-05-01,rejected,
A01169,1454,referral,2026-04-21T16:25:09+05:30,False,RF0152,1035,2026-04-24,rejected_after_call,2026-05-01
A01170,869,careers,2026-04-21T21:53:57+05:30,True,5221,1018,2026-04-22,rejected,
A01171,1353,careers,2026-04-21T09:46:56+05:30,True,5222,1019,2026-04-22,rejected,
A01172,376,careers,2026-04-21T10:33:10+05:30,True,5223,1020,,,
A01173,15,job_board,2026-04-21T11:10:46+05:30,True,JB-100467,1021,2026-04-22,rejected,
A01174,87,job_board,2026-04-22T22:24:54+05:30,False,JB-100468,1022,2026-04-23,hired,2026-05-08
A01175,484,referral,2026-04-22T22:36:56+05:30,False,RF0153,1115,2026-05-05,rejected,
A01176,1039,whatsapp,2026-04-22T10:17:17+05:30,False,918724397023@2026-04-22T10:17,1047,2026-04-28,rejected,
A01177,1210,job_board,2026-04-22T19:10:45+05:30,False,JB-100469,1023,2026-04-23,rejected,
A01178,1443,job_board,2026-04-22T17:03:28+05:30,False,JB-100470,1024,2026-04-23,shortlisted,2026-05-05
A01179,1405,email,2026-04-22T13:09:45+05:30,True,<cand-00108@mail.gmail.com>,1092,2026-04-29,rejected,
A01180,202,careers,2026-04-22T16:26:39+05:30,True,5224,1025,2026-04-23,shortlisted,2026-05-07
A01181,1374,job_board,2026-04-22T11:27:13+05:30,True,JB-100471,1026,2026-04-23,rejected,
A01182,193,job_board,2026-04-22T15:16:23+05:30,True,JB-100472,1027,2026-04-23,rejected,
A01183,1153,job_board,2026-04-22T16:09:37+05:30,True,JB-100473,1028,,,
A01184,1202,job_board,2026-04-22T16:21:40+05:30,True,JB-100474,1029,,,
A01185,1480,careers,2026-04-22T17:35:28+05:30,True,5225,1030,,,
A01186,596,careers,2026-04-22T21:38:28+05:30,True,5226,1031,2026-04-23,hired,2026-05-01
A01187,167,email,2026-04-23T23:32:08+05:30,False,<cand-00109@mail.gmail.com>,1036,2026-04-24,rejected,
A01188,189,whatsapp,2026-04-23T11:26:13+05:30,False,918728116440@2026-04-23T11:26,1037,2026-04-24,rejected,
A01189,253,job_board,2026-04-23T15:54:49+05:30,False,JB-100475,1038,,,
A01190,372,careers,2026-04-23T08:29:28+05:30,False,5227,1039,2026-04-24,rejected,
A01191,500,whatsapp,2026-04-23T23:53:17+05:30,False,918777998035@2026-04-23T23:53,1147,2026-05-04,rejected,
A01192,601,job_board,2026-04-23T20:18:33+05:30,False,JB-100476,1040,2026-04-24,rejected,
A01193,926,job_board,2026-04-23T17:59:32+05:30,False,JB-100477,1041,2026-04-24,rejected,
A01194,1028,email,2026-04-23T19:40:56+05:30,False,<cand-00110@mail.gmail.com>,,,,
A01195,1084,email,2026-04-23T19:41:53+05:30,False,<cand-00111@mail.gmail.com>,1063,2026-04-27,hired,2026-05-09
A01196,1280,job_board,2026-04-23T11:34:45+05:30,False,JB-100478,1042,2026-04-24,rejected,
A01197,1327,whatsapp,2026-04-23T08:42:04+05:30,False,917549901287@2026-04-23T08:42,1100,2026-04-30,shortlisted,2026-05-06
A01198,1540,whatsapp,2026-04-23T22:52:42+05:30,False,917304784348@2026-04-23T22:52,1064,2026-04-27,rejected,
A01199,1953,job_board,2026-04-23T08:05:27+05:30,False,JB-100479,1043,2026-04-24,rejected,
A01200,151,careers,2026-04-23T09:07:57+05:30,True,5228,1044,,,
A01201,373,email,2026-04-24T11:40:18+05:30,False,<cand-00112@mail.gmail.com>,,,,
A01202,741,job_board,2026-04-24T15:00:45+05:30,False,JB-100480,1048,2026-04-28,hired,2026-05-12
A01203,1176,job_board,2026-04-24T08:58:11+05:30,False,JB-100481,1049,,,
A01204,1189,job_board,2026-04-24T17:39:52+05:30,False,JB-100482,1050,,,
A01205,1230,job_board,2026-04-24T08:04:52+05:30,False,JB-100483,1052,,,
A01206,1584,email,2026-04-24T15:34:20+05:30,False,<cand-00113@mail.gmail.com>,1082,2026-04-28,shortlisted,2026-05-11
A01207,1925,whatsapp,2026-04-24T18:40:00+05:30,False,919603095620@2026-04-24T18:40,1101,2026-04-30,rejected,
A01208,1007,job_board,2026-04-24T17:35:10+05:30,True,JB-100484,1053,2026-04-28,rejected,
A01209,552,careers,2026-04-24T19:50:42+05:30,True,5229,1054,2026-04-28,rejected,
A01210,1869,job_board,2026-04-24T17:20:25+05:30,True,JB-100485,1055,2026-04-28,shortlisted,2026-05-06
A01211,584,job_board,2026-04-24T20:10:21+05:30,True,JB-100486,1056,,,
A01212,1508,job_board,2026-04-24T12:10:52+05:30,True,JB-100487,1057,2026-04-28,rejected_after_call,2026-05-03
A01213,1776,careers,2026-04-24T15:43:22+05:30,True,5230,1058,,,
A01214,11,whatsapp,2026-04-25T13:45:28+05:30,False,917263329456@2026-04-25T13:45,1179,,,
A01215,471,job_board,2026-04-25T21:28:35+05:30,False,JB-100488,1065,,,
A01216,501,job_board,2026-04-25T13:16:12+05:30,False,JB-100489,1066,2026-04-27,rejected,
A01217,655,email,2026-04-25T11:03:52+05:30,False,<cand-00114@mail.gmail.com>,1116,2026-05-05,rejected,
A01218,829,referral,2026-04-25T10:30:46+05:30,False,RF0154,1158,2026-05-05,shortlisted,2026-05-18
A01219,1299,careers,2026-04-25T13:00:02+05:30,False,5231,1067,2026-04-27,rejected,
A01220,1389,careers,2026-04-25T20:35:10+05:30,False,5232,1068,2026-04-27,shortlisted,2026-05-02
A01221,1505,whatsapp,2026-04-25T16:56:58+05:30,False,918238280916@2026-04-25T16:56,,,,
A01222,1864,whatsapp,2026-04-25T17:51:11+05:30,False,917174053343@2026-04-25T17:51,,,,
A01223,475,referral,2026-04-25T08:17:51+05:30,True,RF0155,,,,
A01224,1696,whatsapp,2026-04-25T10:18:10+05:30,True,917035883443@2026-04-25T10:18,1129,2026-05-04,rejected_after_call,2026-05-12
A01225,1130,email,2026-04-25T10:24:51+05:30,True,<cand-00115@mail.gmail.com>,1117,2026-05-05,shortlisted,2026-05-14
A01226,1211,email,2026-04-25T09:45:27+05:30,True,<cand-00116@mail.gmail.com>,,,,
A01227,1477,job_board,2026-04-25T10:22:58+05:30,True,JB-100490,1069,2026-04-27,rejected,
A01228,1046,job_board,2026-04-25T11:26:37+05:30,True,JB-100491,1070,2026-04-27,rejected,
A01229,310,careers,2026-04-26T10:08:39+05:30,False,5233,1075,2026-04-27,rejected,
A01230,889,job_board,2026-04-26T11:03:37+05:30,False,JB-100492,1076,2026-04-27,rejected,
A01231,1223,referral,2026-04-26T15:45:56+05:30,False,RF0156,1148,2026-05-04,rejected,
A01232,1641,whatsapp,2026-04-26T16:18:57+05:30,False,919943882903@2026-04-26T16:18,1102,2026-04-30,shortlisted,2026-05-05
A01233,1661,job_board,2026-04-26T08:51:20+05:30,False,JB-100493,1077,,,
A01234,1672,job_board,2026-04-26T08:54:26+05:30,False,JB-100494,1078,2026-04-27,rejected,
A01235,1679,whatsapp,2026-04-26T12:04:14+05:30,False,916313777615@2026-04-26T12:04,1149,2026-05-04,rejected,
A01236,1717,careers,2026-04-26T14:25:33+05:30,False,5234,1079,2026-04-27,rejected_after_call,2026-05-01
A01237,1207,referral,2026-04-26T17:19:24+05:30,True,RF0157,1180,2026-05-07,rejected,
A01238,1322,referral,2026-04-26T11:33:20+05:30,True,RF0158,,,,
A01239,1878,whatsapp,2026-04-26T16:29:57+05:30,True,917051967639@2026-04-26T16:29,,,,
A01240,605,careers,2026-04-26T09:33:54+05:30,True,5235,1080,2026-04-27,rejected,
A01241,828,email,2026-04-26T15:20:26+05:30,True,<cand-00117@mail.gmail.com>,1194,2026-05-08,rejected,
A01242,27,job_board,2026-04-27T12:13:13+05:30,False,JB-100495,1083,2026-04-28,rejected,
A01243,43,job_board,2026-04-27T13:51:31+05:30,False,JB-100496,1084,2026-04-28,rejected,
A01244,90,referral,2026-04-27T12:59:42+05:30,False,RF0159,1159,2026-05-05,rejected,
A01245,333,email,2026-04-27T17:04:57+05:30,False,<cand-00118@mail.gmail.com>,1118,2026-05-05,rejected,
A01246,799,job_board,2026-04-27T16:49:19+05:30,False,JB-100497,1085,2026-04-28,rejected,
A01247,1331,job_board,2026-04-27T15:03:52+05:30,False,JB-100498,1086,2026-04-28,rejected,
A01248,1620,job_board,2026-04-27T15:36:20+05:30,False,JB-100499,1087,2026-04-28,hired,2026-05-02
A01249,1726,job_board,2026-04-27T18:39:42+05:30,False,JB-100500,1088,,,
A01250,1949,email,2026-04-27T14:28:31+05:30,False,<cand-00119@mail.gmail.com>,,,,
A01251,1466,email,2026-04-27T18:04:26+05:30,True,<cand-00120@mail.gmail.com>,,,,
A01252,928,job_board,2026-04-27T10:47:42+05:30,True,JB-100501,1089,2026-04-28,rejected,
A01253,1103,job_board,2026-04-27T08:56:34+05:30,True,JB-100502,1090,2026-04-28,rejected_after_call,2026-05-08
A01254,1700,referral,2026-04-27T23:21:30+05:30,True,RF0160,1103,2026-04-30,shortlisted,2026-05-03
A01255,415,whatsapp,2026-04-28T14:56:48+05:30,False,919253701238@2026-04-28T14:56,,,,
A01256,602,email,2026-04-28T16:55:52+05:30,False,<cand-00121@mail.gmail.com>,1181,2026-05-07,shortlisted,2026-05-20
A01257,1399,job_board,2026-04-28T16:02:45+05:30,False,JB-100503,1093,2026-04-29,rejected,
A01258,1456,email,2026-04-28T16:44:10+05:30,False,<cand-00122@mail.gmail.com>,1094,2026-04-29,rejected,
A01259,1499,job_board,2026-04-28T21:57:20+05:30,False,JB-100504,1095,2026-04-29,rejected,
A01260,1861,careers,2026-04-28T20:55:31+05:30,False,5236,1096,,,
A01261,1108,referral,2026-04-28T21:51:49+05:30,True,RF0161,1104,2026-04-30,shortlisted,2026-05-15
A01262,350,email,2026-04-28T08:09:43+05:30,True,<cand-00123@mail.gmail.com>,,,,
A01263,1568,job_board,2026-04-28T15:17:36+05:30,True,JB-100505,1097,2026-04-29,rejected,
A01264,1340,careers,2026-04-28T11:16:59+05:30,True,5237,1098,2026-04-29,shortlisted,2026-05-01
A01265,1773,job_board,2026-04-28T23:49:22+05:30,True,JB-100506,1099,2026-04-29,rejected,
A01266,865,whatsapp,2026-04-28T20:34:57+05:30,True,918376598667@2026-04-28T20:34,1150,2026-05-04,rejected,
A01267,17,whatsapp,2026-04-29T17:31:36+05:30,False,917573288719@2026-04-29T17:31,,,,
A01268,129,careers,2026-04-29T09:01:29+05:30,False,5238,1105,2026-04-30,rejected,
A01269,298,whatsapp,2026-04-29T08:38:42+05:30,False,917487163180@2026-04-29T08:38,,,,
A01270,707,referral,2026-04-29T20:09:55+05:30,False,RF0162,,,,
A01271,1024,careers,2026-04-29T18:07:35+05:30,False,5239,1106,,,
A01272,813,whatsapp,2026-04-29T14:34:38+05:30,True,916796312915@2026-04-29T14:34,1195,2026-05-08,rejected_after_call,2026-05-12
A01273,694,job_board,2026-04-29T12:12:41+05:30,True,JB-100507,1107,2026-04-30,rejected,
A01274,1684,whatsapp,2026-04-29T22:43:10+05:30,True,916255431068@2026-04-29T22:43,,,,
A01275,126,careers,2026-04-29T09:13:30+05:30,True,5240,1108,,,
A01276,654,whatsapp,2026-04-29T15:58:21+05:30,True,917646729022@2026-04-29T15:58,1112,,,
A01277,1296,careers,2026-04-29T23:06:09+05:30,True,5241,1109,,,
A01278,375,referral,2026-04-30T21:25:22+05:30,False,RF0163,,,,
A01279,1152,whatsapp,2026-04-30T17:56:45+05:30,False,918901233993@2026-04-30T17:56,,,,
A01280,459,careers,2026-04-30T21:08:13+05:30,True,5242,1113,2026-05-01,rejected,
A01281,527,careers,2026-04-30T18:09:14+05:30,True,5243,1114,2026-05-01,rejected,
A01282,71,email,2026-04-30T14:06:18+05:30,True,<cand-00124@mail.gmail.com>,1182,2026-05-07,rejected,
A01283,1255,referral,2026-04-30T12:12:48+05:30,True,RF0164,1233,2026-05-11,rejected,
A01284,657,email,2026-05-01T12:16:17+05:30,False,<cand-00125@mail.gmail.com>,1130,2026-05-04,rejected,
A01285,832,referral,2026-05-01T09:36:59+05:30,False,RF0165,1209,,,
A01286,1104,whatsapp,2026-05-01T08:24:13+05:30,False,918969828782@2026-05-01T08:24,1183,,,
A01287,1128,referral,2026-05-01T08:42:41+05:30,False,RF0166,1247,2026-05-12,rejected,
A01288,1356,careers,2026-05-01T19:38:33+05:30,False,5244,1119,2026-05-05,rejected_after_call,2026-05-18
A01289,1476,job_board,2026-05-01T16:05:45+05:30,False,JB-100508,1120,2026-05-05,rejected,
A01290,1493,email,2026-05-01T12:43:55+05:30,False,<cand-00126@mail.gmail.com>,,,,
A01291,1690,careers,2026-05-01T21:12:49+05:30,False,5245,1121,2026-05-05,rejected,
A01292,1753,careers,2026-05-01T09:26:52+05:30,False,5246,1122,2026-05-05,shortlisted,2026-05-20
A01293,1271,job_board,2026-05-01T12:04:24+05:30,True,JB-100509,1123,2026-05-06,rejected,
A01294,374,job_board,2026-05-01T22:23:28+05:30,True,JB-100510,1124,2026-05-06,rejected,
A01295,1219,job_board,2026-05-01T18:59:05+05:30,True,JB-100511,1125,2026-05-06,rejected,
A01296,0,job_board,2026-05-01T19:11:36+05:30,True,JB-100512,1126,2026-05-06,rejected,
A01297,1942,job_board,2026-05-01T14:22:18+05:30,True,JB-100513,1127,2026-05-06,hired,2026-05-15
A01298,113,email,2026-05-01T16:59:57+05:30,True,<cand-00127@mail.gmail.com>,1131,2026-05-04,rejected,
A01299,57,job_board,2026-05-01T20:52:14+05:30,True,JB-100514,1128,,,
A01300,147,job_board,2026-05-02T20:34:28+05:30,False,JB-100515,1132,2026-05-04,rejected,
A01301,297,job_board,2026-05-02T08:17:54+05:30,False,JB-100516,1133,,,
A01302,503,job_board,2026-05-02T16:01:10+05:30,False,JB-100517,1134,2026-05-04,rejected,
A01303,561,job_board,2026-05-02T11:30:05+05:30,False,JB-100518,1135,2026-05-04,shortlisted,2026-05-13
A01304,618,job_board,2026-05-02T15:10:58+05:30,False,JB-100519,1136,2026-05-04,shortlisted,2026-05-20
A01305,669,job_board,2026-05-02T09:23:15+05:30,False,JB-100520,1137,2026-05-04,shortlisted,2026-05-11
A01306,811,whatsapp,2026-05-02T09:36:25+05:30,False,919711497238@2026-05-02T09:36,,,,
A01307,950,job_board,2026-05-02T14:33:22+05:30,False,JB-100521,1138,,,
A01308,1004,email,2026-05-02T11:25:22+05:30,False,<cand-00128@mail.gmail.com>,1139,2026-05-04,rejected,
A01309,1096,whatsapp,2026-05-02T10:19:16+05:30,False,919168538673@2026-05-02T10:19,,,,
A01310,1319,referral,2026-05-02T19:15:28+05:30,False,RF0167,1222,2026-05-11,rejected,
A01311,1339,referral,2026-05-02T19:12:10+05:30,False,RF0168,1210,2026-05-12,rejected_after_call,2026-05-14
A01312,1652,job_board,2026-05-02T22:02:53+05:30,False,JB-100522,1140,2026-05-04,rejected,
A01313,1770,email,2026-05-02T19:20:16+05:30,False,<cand-00129@mail.gmail.com>,1141,2026-05-04,rejected,
A01314,1613,email,2026-05-02T19:42:48+05:30,True,<cand-00130@mail.gmail.com>,,,,
A01315,877,referral,2026-05-02T18:20:01+05:30,True,RF0169,1234,2026-05-11,rejected,
A01316,1775,email,2026-05-02T17:50:03+05:30,True,<cand-00131@mail.gmail.com>,,,,
A01317,870,job_board,2026-05-02T22:42:31+05:30,True,JB-100523,1142,2026-05-04,shortlisted,2026-05-07
A01318,1835,careers,2026-05-02T20:19:32+05:30,True,5247,1143,2026-05-04,rejected,
A01319,196,referral,2026-05-02T20:35:40+05:30,True,RF0170,1160,2026-05-05,rejected,
A01320,203,careers,2026-05-02T21:39:39+05:30,True,5248,1144,2026-05-04,rejected,
A01321,1537,job_board,2026-05-02T18:18:45+05:30,True,JB-100524,1145,2026-05-05,rejected,
A01322,1242,whatsapp,2026-05-02T19:34:55+05:30,True,919239914418@2026-05-02T19:34,1169,2026-05-06,rejected,
A01323,945,email,2026-05-02T09:06:08+05:30,True,<cand-00132@mail.gmail.com>,1196,2026-05-08,rejected_after_call,2026-05-15
A01324,344,job_board,2026-05-02T17:56:44+05:30,True,JB-100525,1146,2026-05-05,shortlisted,2026-05-07
A01325,16,whatsapp,2026-05-03T16:10:30+05:30,False,918431217150@2026-05-03T16:10,1197,,,
A01326,63,referral,2026-05-03T13:58:11+05:30,False,RF0171,1198,2026-05-08,rejected,
A01327,155,referral,2026-05-03T21:18:56+05:30,False,RF0172,1253,2026-05-13,rejected,
A01328,515,whatsapp,2026-05-03T14:23:53+05:30,False,916537849301@2026-05-03T14:23,1248,2026-05-12,rejected,
A01329,542,referral,2026-05-03T19:06:01+05:30,False,RF0173,1235,2026-05-11,rejected_after_call,2026-05-26
A01330,874,job_board,2026-05-03T15:42:11+05:30,False,JB-100526,1151,2026-05-04,rejected,
A01331,905,careers,2026-05-03T08:38:31+05:30,False,5249,1152,2026-05-04,shortlisted,2026-05-07
A01332,1086,job_board,2026-05-03T16:37:06+05:30,False,JB-100527,1153,2026-05-04,rejected,
A01333,1279,referral,2026-05-03T13:32:35+05:30,False,RF0174,1154,2026-05-04,rejected,
A01334,1342,careers,2026-05-03T18:08:19+05:30,False,5250,1155,2026-05-04,rejected_after_call,2026-05-15
A01335,1669,whatsapp,2026-05-03T15:54:39+05:30,False,919117649657@2026-05-03T15:54,1199,2026-05-08,rejected,
A01336,1442,job_board,2026-05-03T12:20:45+05:30,True,JB-100528,1156,,,
A01337,59,whatsapp,2026-05-04T09:01:05+05:30,False,916122864899@2026-05-04T09:01,1249,2026-05-12,shortlisted,2026-05-20
A01338,112,whatsapp,2026-05-04T08:36:17+05:30,False,919171150090@2026-05-04T08:36,1170,2026-05-06,rejected,
A01339,146,job_board,2026-05-04T21:09:07+05:30,False,JB-100529,1161,2026-05-05,rejected,
A01340,426,email,2026-05-04T20:30:26+05:30,False,<cand-00133@mail.gmail.com>,1171,2026-05-06,rejected,
A01341,742,job_board,2026-05-04T11:29:54+05:30,False,JB-100530,1162,2026-05-05,shortlisted,2026-05-19
A01342,822,whatsapp,2026-05-04T09:23:25+05:30,False,917588951298@2026-05-04T09:23,1254,2026-05-13,hired,2026-05-15
A01343,1011,email,2026-05-04T11:36:52+05:30,False,<cand-00134@mail.gmail.com>,,,,
A01344,1479,job_board,2026-05-04T19:40:49+05:30,False,JB-100531,1163,2026-05-05,shortlisted,2026-05-10
A01345,1840,email,2026-05-04T13:36:10+05:30,False,<cand-00135@mail.gmail.com>,1211,2026-05-12,rejected,
A01346,493,job_board,2026-05-04T15:41:58+05:30,True,JB-100532,1164,2026-05-05,rejected,
A01347,1044,job_board,2026-05-04T13:11:35+05:30,True,JB-100533,1165,2026-05-05,shortlisted,2026-05-12
A01348,1597,careers,2026-05-04T21:30:43+05:30,True,5251,1166,2026-05-05,rejected,
A01349,562,job_board,2026-05-04T15:10:31+05:30,True,JB-100534,1167,2026-05-05,rejected,
A01350,1571,whatsapp,2026-05-04T19:07:56+05:30,True,917321955585@2026-05-04T19:07,1304,2026-05-18,rejected,
A01351,1653,whatsapp,2026-05-04T12:39:04+05:30,True,916991035944@2026-05-04T12:39,,,,
A01352,247,email,2026-05-05T20:39:23+05:30,False,<cand-00136@mail.gmail.com>,1305,2026-05-18,rejected,
A01353,456,careers,2026-05-05T17:03:21+05:30,False,5252,1172,,,
A01354,902,job_board,2026-05-05T09:41:12+05:30,False,JB-100535,1173,,,
A01355,1644,job_board,2026-05-05T09:13:18+05:30,False,JB-100536,1174,2026-05-06,rejected,
A01356,995,email,2026-05-05T13:00:01+05:30,True,<cand-00137@mail.gmail.com>,1236,2026-05-11,rejected_after_call,2026-05-17
A01357,1013,careers,2026-05-05T16:46:44+05:30,True,5253,1175,2026-05-06,rejected,
A01358,1762,whatsapp,2026-05-05T15:08:50+05:30,True,917067649365@2026-05-05T15:08,1184,2026-05-07,rejected,
A01359,1640,job_board,2026-05-05T09:31:19+05:30,True,JB-100537,1176,2026-05-06,rejected,
A01360,981,job_board,2026-05-05T19:54:10+05:30,True,JB-100538,1177,2026-05-06,shortlisted,2026-05-14
A01361,1303,job_board,2026-05-05T18:55:04+05:30,True,JB-100539,1178,2026-05-06,rejected,
W0021,978,walk_in,2026-05-05T15:03:00+05:30,False,,1157,,,
A01363,2,whatsapp,2026-05-06T10:11:47+05:30,False,916867544634@2026-05-06T10:11,1200,2026-05-08,hired,2026-05-21
A01364,786,job_board,2026-05-06T19:35:29+05:30,False,JB-100540,1185,2026-05-07,rejected,
A01365,1833,careers,2026-05-06T11:08:54+05:30,False,5254,1186,2026-05-07,rejected,
A01366,1842,referral,2026-05-06T18:30:49+05:30,False,RF0175,1187,,,
A01367,273,job_board,2026-05-06T16:50:03+05:30,True,JB-100541,1188,,,
A01368,1183,job_board,2026-05-06T16:42:37+05:30,True,JB-100542,1189,,,
A01369,1074,job_board,2026-05-06T15:20:00+05:30,True,JB-100543,1190,,,
A01370,82,email,2026-05-06T16:35:12+05:30,True,<cand-00138@mail.gmail.com>,1255,2026-05-13,rejected_after_call,2026-05-21
A01371,141,job_board,2026-05-06T12:33:38+05:30,True,JB-100544,1191,2026-05-07,rejected,
A01372,1197,job_board,2026-05-06T20:08:11+05:30,True,JB-100545,1192,,,
W0022,1551,walk_in,2026-05-06T13:30:46+05:30,False,,1168,2026-05-06,rejected,
A01374,140,whatsapp,2026-05-07T20:04:27+05:30,False,919159592130@2026-05-07T20:04,1333,2026-05-19,shortlisted,2026-06-03
A01375,368,careers,2026-05-07T20:09:13+05:30,False,5255,1201,2026-05-08,rejected,
A01376,376,email,2026-05-07T22:25:46+05:30,False,<cand-00139@mail.gmail.com>,1202,2026-05-08,shortlisted,2026-05-14
A01377,1020,job_board,2026-05-07T08:48:08+05:30,False,JB-100546,1203,2026-05-08,rejected,
A01378,1155,job_board,2026-05-07T15:31:57+05:30,False,JB-100547,1204,2026-05-08,rejected,
A01379,1194,job_board,2026-05-07T17:58:34+05:30,False,JB-100548,1205,2026-05-08,rejected,
A01380,1268,job_board,2026-05-07T18:16:06+05:30,False,JB-100549,1206,2026-05-08,shortlisted,2026-05-18
A01381,1379,job_board,2026-05-07T08:10:49+05:30,False,JB-100550,1207,2026-05-08,shortlisted,2026-05-11
A01382,858,careers,2026-05-07T09:48:16+05:30,True,5256,1208,,,
A01383,498,referral,2026-05-07T13:50:24+05:30,True,RF0176,,,,
A01384,171,job_board,2026-05-08T19:42:49+05:30,False,JB-100551,1212,2026-05-12,rejected,
A01385,348,email,2026-05-08T15:03:17+05:30,False,<cand-00140@mail.gmail.com>,1334,2026-05-19,hired,2026-05-27
A01386,925,careers,2026-05-08T13:48:47+05:30,False,5257,1213,2026-05-12,rejected_after_call,2026-05-28
A01387,1391,job_board,2026-05-08T16:50:32+05:30,False,JB-100552,1214,2026-05-12,shortlisted,2026-05-15
A01388,1485,job_board,2026-05-08T15:44:45+05:30,False,JB-100553,1215,2026-05-12,rejected,
A01389,1488,job_board,2026-05-08T14:53:39+05:30,False,JB-100554,1216,2026-05-12,rejected,
A01390,1579,careers,2026-05-08T20:59:52+05:30,False,5258,1217,2026-05-12,rejected,
A01391,1688,job_board,2026-05-08T23:46:10+05:30,False,JB-100555,1218,2026-05-12,rejected,
A01392,1794,careers,2026-05-08T17:12:17+05:30,False,5259,1219,2026-05-12,rejected,
A01393,1871,referral,2026-05-08T11:27:42+05:30,False,RF0177,,,,
A01394,1590,job_board,2026-05-08T21:04:58+05:30,True,JB-100556,1220,2026-05-12,rejected,
A01395,867,walk_in,2026-05-08T21:47:13+05:30,True,,1289,,,
A01396,633,careers,2026-05-08T22:27:39+05:30,True,5260,1221,2026-05-14,rejected,
W0023,1180,walk_in,2026-05-08T19:27:28+05:30,False,,1193,2026-05-08,hired,2026-05-21
A01398,9,careers,2026-05-09T19:17:37+05:30,False,5261,1223,2026-05-11,rejected,
A01399,163,job_board,2026-05-09T13:10:34+05:30,False,JB-100557,1224,2026-05-11,rejected,
A01400,233,job_board,2026-05-09T21:49:36+05:30,False,JB-100558,1225,2026-05-11,rejected,
A01401,632,job_board,2026-05-09T10:45:11+05:30,False,JB-100559,1226,2026-05-11,rejected,
A01402,710,whatsapp,2026-05-09T19:24:26+05:30,False,918854880043@2026-05-09T19:24,1351,2026-05-21,shortlisted,2026-05-26
A01403,745,careers,2026-05-09T11:45:35+05:30,False,5262,1227,2026-05-11,rejected,
A01404,901,job_board,2026-05-09T10:24:35+05:30,False,JB-100560,1228,2026-05-11,rejected,
A01405,985,email,2026-05-09T12:00:16+05:30,False,<cand-00141@mail.gmail.com>,,,,
A01406,1026,whatsapp,2026-05-09T18:11:44+05:30,False,918940407266@2026-05-09T18:11,1290,2026-05-15,shortlisted,2026-05-29
A01407,1041,whatsapp,2026-05-09T10:46:15+05:30,False,916164090253@2026-05-09T10:46,1250,2026-05-12,rejected,
A01408,1274,job_board,2026-05-09T11:37:45+05:30,False,JB-100561,1229,2026-05-12,rejected,
A01409,1402,referral,2026-05-09T08:45:53+05:30,False,RF0178,,,,
A01410,1686,job_board,2026-05-09T13:46:11+05:30,False,JB-100562,1230,2026-05-12,rejected,
A01411,1901,job_board,2026-05-09T08:45:37+05:30,False,JB-100563,1231,2026-05-12,hired,2026-05-17
A01412,408,email,2026-05-09T09:47:39+05:30,True,<cand-00142@mail.gmail.com>,1335,2026-05-19,rejected,
A01413,37,referral,2026-05-09T12:58:47+05:30,True,RF0179,1321,2026-05-18,rejected,
A01414,100,careers,2026-05-09T16:42:15+05:30,True,5263,1232,2026-05-12,hired,2026-05-17
A01415,56,job_board,2026-05-10T13:36:11+05:30,False,JB-100564,1237,2026-05-11,shortlisted,2026-05-18
A01416,174,careers,2026-05-10T19:04:11+05:30,False,5264,1238,2026-05-11,hired,2026-05-15
A01417,254,careers,2026-05-10T12:36:23+05:30,False,5265,1239,2026-05-11,rejected_after_call,2026-05-20
A01418,301,careers,2026-05-10T11:46:22+05:30,False,5266,1240,2026-05-11,rejected,
A01419,735,job_board,2026-05-10T21:33:59+05:30,False,JB-100565,1241,2026-05-11,rejected,
A01420,1030,referral,2026-05-10T08:22:34+05:30,False,RF0180,1291,2026-05-15,rejected,
A01421,1287,whatsapp,2026-05-10T20:08:37+05:30,False,919164076740@2026-05-10T20:08,1292,,,
A01422,1304,job_board,2026-05-10T20:52:45+05:30,False,JB-100566,1242,2026-05-11,shortlisted,2026-05-25
A01423,1351,job_board,2026-05-10T20:17:52+05:30,False,JB-100567,1243,2026-05-11,rejected,
A01424,1468,email,2026-05-10T12:24:24+05:30,False,<cand-00143@mail.gmail.com>,1322,,,
A01425,308,job_board,2026-05-10T09:59:50+05:30,True,JB-100568,1244,2026-05-11,rejected,
A01426,1823,job_board,2026-05-10T16:12:00+05:30,True,JB-100569,1245,,,
A01427,880,job_board,2026-05-10T09:01:46+05:30,True,JB-100570,1246,,,
A01428,428,whatsapp,2026-05-11T23:26:49+05:30,False,919376537983@2026-05-11T23:26,1306,,,
A01429,499,whatsapp,2026-05-11T10:51:58+05:30,False,917335736385@2026-05-11T10:51,1307,2026-05-18,rejected,
A01430,720,careers,2026-05-11T13:23:10+05:30,False,5267,1251,,,
A01431,777,whatsapp,2026-05-11T11:12:11+05:30,False,917540960127@2026-05-11T11:12,1323,2026-05-18,rejected,
A01432,987,job_board,2026-05-11T13:45:26+05:30,False,JB-100571,1252,2026-05-12,rejected,
A01433,1532,whatsapp,2026-05-11T14:17:16+05:30,False,916257685946@2026-05-11T14:17,,,,
A01434,1702,referral,2026-05-11T15:58:32+05:30,False,RF0181,1308,2026-05-18,rejected,
A01435,1420,whatsapp,2026-05-11T14:42:23+05:30,True,917522600610@2026-05-11T14:42,,,,
A01436,119,referral,2026-05-12T21:13:10+05:30,False,RF0182,1277,2026-05-14,rejected,
A01437,148,job_board,2026-05-12T11:26:00+05:30,False,JB-100572,1256,2026-05-13,rejected,
A01438,207,job_board,2026-05-12T22:35:13+05:30,False,JB-100573,1257,2026-05-13,rejected,
A01439,418,job_board,2026-05-12T08:12:16+05:30,False,JB-100574,1258,2026-05-13,shortlisted,2026-05-25
A01440,548,referral,2026-05-12T15:57:26+05:30,False,RF0183,1259,2026-05-13,rejected,
A01441,589,whatsapp,2026-05-12T18:02:58+05:30,False,916923618765@2026-05-12T18:02,1260,2026-05-13,hired,2026-05-25
A01442,607,job_board,2026-05-12T16:52:39+05:30,False,JB-100575,1261,2026-05-13,rejected,
A01443,646,referral,2026-05-12T14:39:27+05:30,False,RF0184,1293,2026-05-15,rejected,
A01444,649,careers,2026-05-12T14:59:02+05:30,False,5268,1262,,,
A01445,746,job_board,2026-05-12T18:19:44+05:30,False,JB-100576,1263,2026-05-13,rejected_after_call,2026-05-18
A01446,806,referral,2026-05-12T20:49:07+05:30,False,RF0185,1264,2026-05-13,rejected,
A01447,994,careers,2026-05-12T14:06:08+05:30,False,5269,1265,2026-05-13,rejected,
A01448,1233,job_board,2026-05-12T16:12:48+05:30,False,JB-100577,1266,,,
A01449,1251,careers,2026-05-12T18:30:43+05:30,False,5270,1267,2026-05-13,rejected,
A01450,1502,job_board,2026-05-12T23:31:01+05:30,False,JB-100578,1268,2026-05-13,rejected,
A01451,1551,job_board,2026-05-12T15:31:16+05:30,False,JB-100579,1269,2026-05-13,rejected,
A01452,1649,job_board,2026-05-12T08:21:05+05:30,False,JB-100580,1270,2026-05-13,rejected,
A01453,1747,job_board,2026-05-12T13:03:47+05:30,False,JB-100581,1271,2026-05-13,rejected,
A01454,12,careers,2026-05-12T10:32:42+05:30,True,5271,1272,2026-05-13,rejected,
A01455,520,careers,2026-05-12T19:10:46+05:30,True,5272,1273,,,
A01456,551,job_board,2026-05-12T17:54:08+05:30,True,JB-100582,1274,2026-05-13,rejected,
A01457,938,job_board,2026-05-12T09:41:34+05:30,True,JB-100583,1275,2026-05-14,rejected,
A01458,1906,job_board,2026-05-12T23:28:11+05:30,True,JB-100584,1276,2026-05-14,shortlisted,2026-05-18
A01459,249,whatsapp,2026-05-13T10:04:20+05:30,False,919772682196@2026-05-13T10:04,1352,2026-05-21,rejected,
A01460,302,careers,2026-05-13T16:16:23+05:30,False,5273,1278,2026-05-14,rejected,
A01461,340,email,2026-05-13T18:57:23+05:30,False,<cand-00144@mail.gmail.com>,,,,
A01462,482,careers,2026-05-13T17:02:38+05:30,False,5274,1279,2026-05-14,rejected,
A01463,559,job_board,2026-05-13T18:39:56+05:30,False,JB-100585,1280,2026-05-14,rejected,
A01464,868,whatsapp,2026-05-13T12:14:29+05:30,False,916326663870@2026-05-13T12:14,,,,
A01465,1209,job_board,2026-05-13T15:15:07+05:30,False,JB-100586,1281,2026-05-14,rejected,
A01466,1313,whatsapp,2026-05-13T12:04:41+05:30,False,919403589569@2026-05-13T12:04,,,,
A01467,1343,job_board,2026-05-13T10:09:11+05:30,False,JB-100587,1282,2026-05-14,rejected,
A01468,1635,job_board,2026-05-13T10:09:34+05:30,False,JB-100588,1283,2026-05-14,rejected,
A01469,1784,email,2026-05-13T17:13:50+05:30,False,<cand-00145@mail.gmail.com>,,,,
A01470,1928,job_board,2026-05-13T14:21:27+05:30,False,JB-100589,1284,2026-05-14,rejected,
A01471,730,job_board,2026-05-13T18:52:25+05:30,True,JB-100590,1285,2026-05-14,rejected,
A01472,801,job_board,2026-05-13T11:32:48+05:30,True,JB-100591,1286,2026-05-14,rejected_after_call,2026-05-19
A01473,623,email,2026-05-13T18:12:53+05:30,True,<cand-00146@mail.gmail.com>,,,,
A01474,1291,job_board,2026-05-13T17:28:34+05:30,True,JB-100592,1287,2026-05-14,rejected,
A01475,219,referral,2026-05-13T09:40:45+05:30,True,RF0186,,,,
A01476,1151,job_board,2026-05-13T16:12:50+05:30,True,JB-100593,1288,,,
A01477,29,whatsapp,2026-05-14T08:36:13+05:30,False,919487737130@2026-05-14T08:36,1403,2026-05-26,rejected,
A01478,321,referral,2026-05-14T22:13:55+05:30,False,RF0187,,,,
A01479,323,careers,2026-05-14T15:38:06+05:30,False,5275,1294,2026-05-15,rejected,
A01480,709,whatsapp,2026-05-14T15:31:50+05:30,False,918396407526@2026-05-14T15:31,,,,
A01481,802,job_board,2026-05-14T19:43:38+05:30,False,JB-100594,1295,2026-05-15,rejected_after_call,2026-05-31
A01482,986,job_board,2026-05-14T10:05:28+05:30,False,JB-100595,1296,2026-05-15,shortlisted,2026-05-25
A01483,1159,job_board,2026-05-14T23:15:53+05:30,False,JB-100596,1297,2026-05-15,shortlisted,2026-05-29
A01484,1369,job_board,2026-05-14T19:55:58+05:30,False,JB-100597,1298,2026-05-15,rejected,
A01485,1392,job_board,2026-05-14T17:43:44+05:30,False,JB-100598,1299,2026-05-15,rejected,
A01486,1881,job_board,2026-05-14T09:26:40+05:30,False,JB-100599,1300,2026-05-15,hired,2026-05-25
A01487,508,job_board,2026-05-14T19:09:36+05:30,True,JB-100600,1301,2026-05-15,shortlisted,2026-05-18
A01488,1629,job_board,2026-05-14T14:59:03+05:30,True,JB-100601,1302,2026-05-15,hired,2026-05-23
A01489,1900,referral,2026-05-14T14:15:36+05:30,True,RF0188,1309,2026-05-18,rejected_after_call,2026-05-28
A01490,392,job_board,2026-05-14T16:37:51+05:30,True,JB-100602,1303,2026-05-15,rejected,
A01491,1701,whatsapp,2026-05-14T13:17:41+05:30,True,918424578090@2026-05-14T13:17,1366,,,
A01492,1935,email,2026-05-14T18:18:55+05:30,True,<cand-00147@mail.gmail.com>,1315,,,
A01493,287,job_board,2026-05-15T10:52:53+05:30,False,JB-100603,1310,2026-05-19,rejected,
A01494,541,job_board,2026-05-15T23:06:33+05:30,False,JB-100604,1311,2026-05-19,shortlisted,2026-05-31
A01495,1100,whatsapp,2026-05-15T09:53:26+05:30,False,919810465543@2026-05-15T09:53,1344,2026-05-20,rejected,
A01496,1169,referral,2026-05-15T15:02:38+05:30,False,RF0189,1353,2026-05-21,rejected,
A01497,1324,job_board,2026-05-15T23:28:33+05:30,False,JB-100605,1312,2026-05-19,rejected,
A01498,1599,referral,2026-05-15T23:27:11+05:30,False,RF0190,1324,2026-05-18,rejected,
A01499,1736,email,2026-05-15T10:20:01+05:30,False,<cand-00148@mail.gmail.com>,1394,2026-05-25,rejected,
A01500,1760,careers,2026-05-15T20:31:28+05:30,True,5276,1313,2026-05-19,rejected,
A01501,1432,careers,2026-05-15T17:47:37+05:30,True,5277,1314,2026-05-19,rejected,
A01502,114,careers,2026-05-16T18:50:06+05:30,False,5278,1316,2026-05-18,shortlisted,2026-06-01
A01503,779,job_board,2026-05-16T20:56:20+05:30,False,JB-100606,1317,2026-05-18,rejected,
A01504,917,careers,2026-05-16T16:45:22+05:30,False,5279,1318,2026-05-18,rejected,
A01505,1646,whatsapp,2026-05-16T20:05:57+05:30,False,916586314275@2026-05-16T20:05,,,,
A01506,1683,referral,2026-05-16T09:42:42+05:30,False,RF0191,1404,2026-05-26,shortlisted,2026-06-05
A01507,1693,careers,2026-05-16T14:07:01+05:30,False,5280,1319,2026-05-18,rejected,
A01508,712,job_board,2026-05-16T17:06:44+05:30,True,JB-100607,1320,2026-05-18,rejected,
A01509,941,whatsapp,2026-05-16T13:32:31+05:30,True,918995614758@2026-05-16T13:32,,,,
A01510,473,job_board,2026-05-17T20:03:23+05:30,False,JB-100608,1325,2026-05-18,rejected,
A01511,700,job_board,2026-05-17T21:54:53+05:30,False,JB-100609,1326,2026-05-18,rejected,
A01512,1055,job_board,2026-05-17T15:44:43+05:30,False,JB-100610,1327,2026-05-18,rejected,
A01513,1058,job_board,2026-05-17T15:58:03+05:30,False,JB-100611,1328,2026-05-18,rejected,
A01514,1612,whatsapp,2026-05-17T20:10:10+05:30,False,917347710535@2026-05-17T20:10,1395,2026-05-25,rejected,
A01515,1801,careers,2026-05-17T20:56:39+05:30,False,5281,1329,,,
A01516,453,email,2026-05-17T16:38:06+05:30,True,<cand-00149@mail.gmail.com>,1434,2026-05-29,rejected,
A01517,289,job_board,2026-05-17T13:05:27+05:30,True,JB-100612,1330,2026-05-18,rejected,
A01518,1113,job_board,2026-05-17T10:35:16+05:30,True,JB-100613,1331,2026-05-18,rejected,
A01519,505,job_board,2026-05-18T23:55:46+05:30,False,JB-100614,1336,,,
A01520,875,whatsapp,2026-05-18T09:22:19+05:30,False,918509511063@2026-05-18T09:22,1373,2026-05-25,rejected,
A01521,920,job_board,2026-05-18T17:18:14+05:30,False,JB-100615,1337,2026-05-19,rejected,
A01522,1244,careers,2026-05-18T13:36:04+05:30,False,5282,1338,2026-05-19,rejected,
A01523,1249,whatsapp,2026-05-18T22:09:10+05:30,False,918860352853@2026-05-18T22:09,1345,2026-05-20,rejected,
A01524,1370,whatsapp,2026-05-18T18:05:01+05:30,False,917796275212@2026-05-18T18:05,,,,
A01525,1918,careers,2026-05-18T13:52:48+05:30,False,5283,1339,2026-05-19,rejected,
A01526,467,whatsapp,2026-05-18T20:05:10+05:30,True,918751585011@2026-05-18T20:05,1405,,,
A01527,1265,job_board,2026-05-18T09:32:52+05:30,True,JB-100616,1340,2026-05-19,rejected,
A01528,294,email,2026-05-18T16:14:57+05:30,True,<cand-00150@mail.gmail.com>,1332,2026-05-18,shortlisted,2026-05-28
A01529,436,job_board,2026-05-18T16:12:38+05:30,True,JB-100617,1341,2026-05-19,shortlisted,2026-05-25
A01530,1012,job_board,2026-05-18T14:12:38+05:30,True,JB-100618,1342,,,
A01531,1656,referral,2026-05-18T15:09:30+05:30,True,RF0192,1435,,,
A01532,1312,referral,2026-05-18T08:27:14+05:30,True,RF0193,,,,
A01533,218,careers,2026-05-19T20:37:35+05:30,False,5284,1346,2026-05-20,rejected,
A01534,386,email,2026-05-19T16:05:33+05:30,False,<cand-00151@mail.gmail.com>,1343,2026-05-19,rejected,
A01535,651,job_board,2026-05-19T20:34:01+05:30,False,JB-100619,1347,2026-05-20,rejected,
A01536,1491,email,2026-05-19T23:54:58+05:30,False,<cand-00152@mail.gmail.com>,,,,
A01537,1634,careers,2026-05-19T21:36:39+05:30,False,5285,1348,2026-05-20,rejected,
A01538,1037,job_board,2026-05-19T23:07:51+05:30,True,JB-100620,1349,2026-05-20,rejected,
A01539,862,job_board,2026-05-19T13:49:11+05:30,True,JB-100621,1350,2026-05-20,shortlisted,2026-05-26
A01540,693,whatsapp,2026-05-19T15:32:00+05:30,True,919659959519@2026-05-19T15:32,1445,2026-06-01,rejected,
A01541,480,email,2026-05-19T21:28:10+05:30,True,<cand-00153@mail.gmail.com>,,,,
A01542,55,whatsapp,2026-05-20T21:41:37+05:30,False,916683290277@2026-05-20T21:41,,,,
A01543,533,careers,2026-05-20T21:30:46+05:30,False,5286,1354,2026-05-21,rejected,
A01544,653,job_board,2026-05-20T15:19:17+05:30,False,JB-100622,1355,2026-05-21,rejected,
A01545,683,careers,2026-05-20T09:44:47+05:30,False,5287,1356,2026-05-21,rejected,
A01546,776,job_board,2026-05-20T13:55:33+05:30,False,JB-100623,1357,2026-05-21,rejected,
A01547,1457,email,2026-05-20T15:37:12+05:30,False,<cand-00154@mail.gmail.com>,1412,2026-05-27,rejected,
A01548,1624,whatsapp,2026-05-20T20:03:54+05:30,False,918122949779@2026-05-20T20:03,1446,2026-06-01,rejected,
A01549,1712,job_board,2026-05-20T16:08:15+05:30,False,JB-100624,1358,2026-05-21,shortlisted,2026-05-27
A01550,1810,whatsapp,2026-05-20T18:12:08+05:30,False,917497176805@2026-05-20T18:12,,,,
A01551,1825,job_board,2026-05-20T16:00:49+05:30,False,JB-100625,1359,2026-05-21,rejected,
A01552,1082,referral,2026-05-20T13:57:59+05:30,True,RF0194,,,,
A01553,634,careers,2026-05-20T22:55:25+05:30,True,5288,1360,2026-05-21,rejected,
A01554,111,careers,2026-05-20T21:02:18+05:30,True,5289,1361,2026-05-21,rejected,
A01555,1617,job_board,2026-05-20T11:19:40+05:30,True,JB-100626,1362,,,
A01556,758,email,2026-05-20T15:23:39+05:30,True,<cand-00155@mail.gmail.com>,1460,2026-06-01,rejected,
A01557,678,careers,2026-05-20T20:05:46+05:30,True,5290,1363,2026-05-21,rejected,
A01558,778,job_board,2026-05-20T21:14:52+05:30,True,JB-100627,1364,2026-05-21,rejected,
A01559,4,job_board,2026-05-21T11:22:27+05:30,False,JB-100628,1367,2026-05-22,hired,2026-06-01
A01560,157,whatsapp,2026-05-21T10:55:07+05:30,False,919344464936@2026-05-21T10:55,1475,2026-06-02,rejected,
A01561,221,whatsapp,2026-05-21T21:33:18+05:30,False,919685013589@2026-05-21T21:33,1406,2026-05-26,rejected,
A01562,531,whatsapp,2026-05-21T11:57:59+05:30,False,919112122905@2026-05-21T11:57,1461,2026-06-01,rejected,
A01563,599,email,2026-05-21T13:30:30+05:30,False,<cand-00156@mail.gmail.com>,1374,2026-05-25,rejected,
A01564,769,whatsapp,2026-05-21T22:45:27+05:30,False,917281658166@2026-05-21T22:45,1447,2026-06-01,shortlisted,2026-06-05
A01565,1215,job_board,2026-05-21T10:15:17+05:30,False,JB-100629,1368,2026-05-22,rejected,
A01566,1530,referral,2026-05-21T16:01:55+05:30,False,RF0195,,,,
A01567,1680,whatsapp,2026-05-21T10:24:46+05:30,False,917881402489@2026-05-21T10:24,,,,
A01568,1872,whatsapp,2026-05-21T11:55:58+05:30,False,916231551387@2026-05-21T11:55,1385,,,
A01569,638,careers,2026-05-21T10:46:42+05:30,True,5291,1369,,,
A01570,1544,job_board,2026-05-21T18:11:37+05:30,True,JB-100630,1370,2026-05-22,rejected,
A01571,1435,job_board,2026-05-21T23:23:08+05:30,True,JB-100631,1371,2026-05-22,rejected,
A01572,1886,careers,2026-05-21T09:37:53+05:30,True,5292,1372,,,
A01573,729,email,2026-05-21T08:39:05+05:30,True,<cand-00157@mail.gmail.com>,1407,2026-05-26,rejected,
A01574,696,careers,2026-05-22T16:06:22+05:30,False,5293,1375,2026-05-25,rejected,
A01575,1023,whatsapp,2026-05-22T18:38:42+05:30,False,918045684582@2026-05-22T18:38,,,,
A01576,1032,whatsapp,2026-05-22T21:06:29+05:30,False,917992727110@2026-05-22T21:06,1386,2026-05-25,rejected,
A01577,1459,job_board,2026-05-22T15:09:19+05:30,False,JB-100632,1376,2026-05-25,rejected,
A01578,1578,careers,2026-05-22T23:29:13+05:30,False,5294,1377,2026-05-25,rejected,
A01579,1631,careers,2026-05-22T10:44:53+05:30,False,5295,1378,2026-05-26,rejected,
A01580,1956,careers,2026-05-22T22:49:03+05:30,False,5296,1379,2026-05-26,rejected,
A01581,891,careers,2026-05-22T18:24:11+05:30,True,5297,1380,2026-05-26,rejected,
A01582,1802,job_board,2026-05-22T21:03:40+05:30,True,JB-100633,1381,,,
A01583,1848,job_board,2026-05-22T15:35:03+05:30,True,JB-100634,1382,,,
A01584,1636,careers,2026-05-22T15:44:55+05:30,True,5298,1383,,,
A01585,300,job_board,2026-05-22T21:42:50+05:30,True,JB-100635,1384,,,
W0024,1206,walk_in,2026-05-22T21:45:14+05:30,False,,1365,2026-05-22,shortlisted,2026-05-27
A01587,324,whatsapp,2026-05-23T11:11:26+05:30,False,918598664902@2026-05-23T11:11,1499,2026-06-04,rejected_after_call,2026-06-11
A01588,773,whatsapp,2026-05-23T19:52:08+05:30,False,916068845853@2026-05-23T19:52,1387,2026-05-25,rejected,
A01589,1031,careers,2026-05-23T22:41:58+05:30,False,5299,1388,2026-05-25,rejected,
A01590,19,careers,2026-05-23T22:01:38+05:30,True,5300,1389,,,
A01591,935,job_board,2026-05-23T10:46:13+05:30,True,JB-100636,1390,2026-05-25,shortlisted,2026-06-05
A01592,1395,referral,2026-05-23T18:05:45+05:30,True,RF0196,1486,2026-06-03,shortlisted,2026-06-05
A01593,66,job_board,2026-05-23T10:11:48+05:30,True,JB-100637,1391,2026-05-25,shortlisted,2026-05-31
A01594,1698,whatsapp,2026-05-23T23:25:41+05:30,True,916767285811@2026-05-23T23:25,1396,2026-05-25,rejected_after_call,2026-05-29
A01595,227,job_board,2026-05-23T21:34:14+05:30,True,JB-100638,1392,2026-05-25,rejected,
A01596,627,job_board,2026-05-24T13:15:59+05:30,False,JB-100639,1397,2026-05-25,rejected,
A01597,755,referral,2026-05-24T22:33:26+05:30,False,RF0197,1487,2026-06-03,rejected,
A01598,1710,email,2026-05-24T16:09:20+05:30,False,<cand-00158@mail.gmail.com>,1424,2026-05-28,rejected,
A01599,1715,job_board,2026-05-24T20:48:38+05:30,False,JB-100640,1398,2026-05-25,rejected,
A01600,1763,whatsapp,2026-05-24T16:32:01+05:30,False,917028486628@2026-05-24T16:32,1488,2026-06-03,rejected,
A01601,1914,whatsapp,2026-05-24T17:09:48+05:30,False,919311509660@2026-05-24T17:09,,,,
A01602,201,whatsapp,2026-05-24T15:11:52+05:30,True,917509268543@2026-05-24T15:11,,,,
A01603,1336,job_board,2026-05-24T23:29:37+05:30,True,JB-100641,1399,2026-05-25,rejected,
A01604,1385,whatsapp,2026-05-24T22:24:56+05:30,True,916357823677@2026-05-24T22:24,1462,2026-06-01,rejected,
A01605,198,job_board,2026-05-24T09:00:30+05:30,True,JB-100642,1400,2026-05-25,rejected,
A01606,76,referral,2026-05-24T14:22:06+05:30,True,RF0198,1401,2026-05-25,hired,2026-05-28
A01607,1239,job_board,2026-05-24T08:32:45+05:30,True,JB-100643,1402,2026-05-25,rejected,
A01608,282,careers,2026-05-25T22:10:58+05:30,False,5301,1408,,,
A01609,578,whatsapp,2026-05-25T10:04:31+05:30,False,919511878355@2026-05-25T10:04,1413,,,
A01610,943,email,2026-05-25T12:49:35+05:30,False,<cand-00159@mail.gmail.com>,1409,2026-05-26,rejected,
A01611,1261,referral,2026-05-25T22:31:22+05:30,False,RF0199,1448,2026-06-02,hired,2026-06-08
A01612,1569,careers,2026-05-25T09:17:38+05:30,False,5302,1410,2026-05-26,rejected,
A01613,1614,referral,2026-05-25T18:40:32+05:30,False,RF0200,1453,2026-06-01,rejected_after_call,2026-06-14
A01614,1373,whatsapp,2026-05-25T14:05:01+05:30,True,917385289375@2026-05-25T14:05,1476,,,
A01615,1792,email,2026-05-25T22:08:06+05:30,True,<cand-00160@mail.gmail.com>,1436,,,
W0025,1668,walk_in,2026-05-25T22:26:06+05:30,True,,1393,2026-05-25,rejected_after_call,2026-06-03
A01617,150,careers,2026-05-26T15:20:29+05:30,False,5303,1414,2026-05-27,rejected,
A01618,672,careers,2026-05-26T15:46:55+05:30,False,5304,1415,2026-05-27,rejected,
A01619,921,job_board,2026-05-26T16:34:20+05:30,False,JB-100644,1416,2026-05-27,rejected,
A01620,1455,job_board,2026-05-26T22:09:00+05:30,False,JB-100645,1417,2026-05-27,rejected,
A01621,1769,whatsapp,2026-05-26T11:07:41+05:30,False,919262014577@2026-05-26T11:07,1411,,,
A01622,1821,job_board,2026-05-26T15:55:02+05:30,False,JB-100646,1418,2026-05-27,rejected_after_call,2026-06-07
A01623,1830,referral,2026-05-26T19:33:19+05:30,False,RF0201,1504,2026-06-05,rejected,
A01624,1295,careers,2026-05-26T08:34:11+05:30,True,5305,1419,2026-05-27,rejected,
A01625,1307,careers,2026-05-26T17:15:23+05:30,True,5306,1420,2026-05-27,rejected_after_call,2026-06-05
A01626,389,careers,2026-05-26T16:50:33+05:30,True,5307,1421,2026-05-27,shortlisted,2026-05-29
A01627,1134,job_board,2026-05-26T16:34:01+05:30,True,JB-100647,1422,2026-05-27,rejected_after_call,2026-05-30
A01628,270,job_board,2026-05-27T09:04:16+05:30,False,JB-100648,1425,2026-05-28,rejected,
A01629,647,careers,2026-05-27T16:04:41+05:30,False,5308,1426,2026-05-28,rejected,
A01630,648,whatsapp,2026-05-27T16:06:49+05:30,False,916461774294@2026-05-27T16:06,1505,2026-06-05,rejected,
A01631,951,email,2026-05-27T16:39:04+05:30,False,<cand-00161@mail.gmail.com>,1506,2026-06-05,rejected,
A01632,1447,job_board,2026-05-27T19:37:42+05:30,False,JB-100649,1427,2026-05-28,rejected,
A01633,1642,careers,2026-05-27T09:57:10+05:30,False,5309,1428,2026-05-28,rejected,
A01634,1909,careers,2026-05-27T13:55:33+05:30,False,5310,1429,2026-05-28,rejected,
A01635,714,referral,2026-05-27T09:11:34+05:30,True,RF0202,1463,,,
A01636,1589,whatsapp,2026-05-27T09:33:31+05:30,True,917354127693@2026-05-27T09:33,1477,2026-06-02,shortlisted,2026-06-14
A01637,1916,job_board,2026-05-27T17:41:33+05:30,True,JB-100650,1430,2026-05-28,rejected,
A01638,1088,job_board,2026-05-27T17:31:56+05:30,True,JB-100651,1431,2026-05-28,rejected,
A01639,665,careers,2026-05-27T17:14:39+05:30,True,5311,1432,,,
A01640,1073,whatsapp,2026-05-27T23:37:50+05:30,True,917029391296@2026-05-27T23:37,1423,2026-05-27,rejected,
A01641,107,job_board,2026-05-27T19:43:29+05:30,True,JB-100652,1433,2026-05-28,shortlisted,2026-06-11
A01642,116,whatsapp,2026-05-28T15:47:52+05:30,False,916087643586@2026-05-28T15:47,1464,2026-06-01,rejected,
A01643,281,job_board,2026-05-28T22:34:44+05:30,False,JB-100653,1438,,,
A01644,586,careers,2026-05-28T14:01:34+05:30,False,5312,1439,,,
A01645,748,job_board,2026-05-28T18:42:24+05:30,False,JB-100654,1440,2026-05-29,shortlisted,2026-06-13
A01646,871,job_board,2026-05-28T22:25:43+05:30,False,JB-100655,1441,2026-05-29,rejected,
A01647,996,job_board,2026-05-28T20:52:20+05:30,False,JB-100656,1442,2026-05-29,hired,2026-06-04
A01648,1150,careers,2026-05-28T16:06:19+05:30,False,5313,1443,2026-05-29,shortlisted,2026-06-06
A01649,1401,careers,2026-05-28T10:01:57+05:30,False,5314,1444,2026-05-29,rejected,
A01650,1598,email,2026-05-28T21:55:58+05:30,False,<cand-00162@mail.gmail.com>,1465,2026-06-01,rejected_after_call,2026-06-03
A01651,1822,referral,2026-05-28T09:51:55+05:30,False,RF0203,1489,2026-06-03,rejected,
A01652,1132,referral,2026-05-28T19:59:36+05:30,True,RF0204,1490,2026-06-03,rejected,
A01653,407,email,2026-05-28T18:21:28+05:30,True,<cand-00163@mail.gmail.com>,,,,
A01654,509,referral,2026-05-28T20:37:27+05:30,True,RF0205,1478,2026-06-02,rejected,
A01655,369,whatsapp,2026-05-29T08:06:19+05:30,False,918994502015@2026-05-29T08:06,1500,2026-06-04,rejected_after_call,2026-06-15
A01656,852,careers,2026-05-29T16:42:27+05:30,False,5315,1449,2026-06-02,rejected_after_call,2026-06-07
A01657,1068,email,2026-05-29T11:33:52+05:30,False,<cand-00164@mail.gmail.com>,1466,2026-06-01,shortlisted,2026-06-11
A01658,501,job_board,2026-05-29T12:17:39+05:30,True,JB-100657,1450,2026-06-02,rejected,
A01659,1211,careers,2026-05-29T12:54:15+05:30,True,5316,1451,2026-06-02,rejected,
A01660,278,email,2026-05-30T20:17:38+05:30,False,<cand-00165@mail.gmail.com>,,,,
A01661,604,careers,2026-05-30T08:09:06+05:30,False,5317,1454,,,
A01662,721,job_board,2026-05-30T13:06:11+05:30,False,JB-100658,1455,2026-06-01,rejected,
A01663,789,referral,2026-05-30T20:16:37+05:30,False,RF0206,,,,
A01664,990,job_board,2026-05-30T08:55:03+05:30,False,JB-100659,1456,,,
A01665,1406,job_board,2026-05-30T23:00:34+05:30,False,JB-100660,1457,2026-06-01,rejected_after_call,2026-06-09
A01666,1553,referral,2026-05-30T12:30:39+05:30,False,RF0207,1507,,,
A01667,1785,whatsapp,2026-05-30T23:47:17+05:30,False,917114194710@2026-05-30T23:47,,,,
A01668,1685,whatsapp,2026-05-30T23:54:05+05:30,True,917208556038@2026-05-30T23:54,1452,2026-06-02,rejected,
A01669,1952,whatsapp,2026-05-30T11:32:42+05:30,True,919441223132@2026-05-30T11:32,,,,
A01670,306,referral,2026-05-30T21:30:59+05:30,True,RF0208,,,,
A01671,1125,referral,2026-05-30T21:12:41+05:30,True,RF0209,1458,,,
A01672,117,email,2026-05-31T16:38:30+05:30,False,<cand-00166@mail.gmail.com>,,,,
A01673,583,job_board,2026-05-31T18:38:07+05:30,False,JB-100661,1467,2026-06-01,rejected,
A01674,687,job_board,2026-05-31T10:18:53+05:30,False,JB-100662,1468,,,
A01675,815,job_board,2026-05-31T09:51:56+05:30,False,JB-100663,1469,2026-06-01,shortlisted,2026-06-05
A01676,915,whatsapp,2026-05-31T08:38:26+05:30,False,916232197486@2026-05-31T08:38,,,,
A01677,999,careers,2026-05-31T12:52:51+05:30,False,5318,1470,,,
A01678,1075,careers,2026-05-31T12:56:06+05:30,False,5319,1471,2026-06-01,rejected,
A01679,1204,careers,2026-05-31T22:59:01+05:30,False,5320,1472,2026-06-01,rejected,
A01680,1465,careers,2026-05-31T12:10:47+05:30,True,5321,1473,2026-06-01,rejected,
A01681,406,job_board,2026-06-01T09:42:04+05:30,False,JB-100664,1479,2026-06-02,rejected,
A01682,640,job_board,2026-06-01T22:13:08+05:30,False,JB-100665,1480,2026-06-02,rejected,
A01683,1898,careers,2026-06-01T18:21:53+05:30,False,5322,1481,2026-06-02,shortlisted,2026-06-12
A01684,1947,email,2026-06-01T18:35:55+05:30,False,<cand-00167@mail.gmail.com>,1558,2026-06-11,rejected,
A01685,495,email,2026-06-01T11:23:54+05:30,True,<cand-00168@mail.gmail.com>,,,,
A01686,241,job_board,2026-06-01T09:40:56+05:30,True,JB-100666,1483,2026-06-02,rejected,
A01687,1472,referral,2026-06-01T21:24:17+05:30,True,RF0210,1588,2026-06-15,hired,2026-06-28
A01688,372,careers,2026-06-01T19:51:02+05:30,True,5323,1484,2026-06-02,rejected,
W0026,1378,walk_in,2026-06-01T20:05:50+05:30,False,,1459,2026-06-01,rejected,
A01690,481,careers,2026-06-02T09:17:00+05:30,False,5324,1491,,,
A01691,582,job_board,2026-06-02T13:12:00+05:30,False,JB-100667,1492,,,
A01692,1582,job_board,2026-06-02T15:22:07+05:30,False,JB-100668,1493,2026-06-03,rejected,
A01693,1671,job_board,2026-06-02T11:44:12+05:30,False,JB-100669,1494,,,
A01694,507,careers,2026-06-02T12:37:25+05:30,True,5325,1495,2026-06-03,rejected,
A01695,967,job_board,2026-06-02T13:28:23+05:30,True,JB-100670,1496,,,
A01696,1405,job_board,2026-06-02T22:18:10+05:30,True,JB-100671,1497,,,
A01697,1949,job_board,2026-06-02T17:12:49+05:30,True,JB-100672,1498,2026-06-03,rejected,
W0027,1716,walk_in,2026-06-02T13:31:08+05:30,False,,1474,2026-06-02,rejected,
A01699,1880,whatsapp,2026-06-03T22:55:02+05:30,False,918408920404@2026-06-03T22:55,1518,2026-06-08,shortlisted,2026-06-18
A01700,761,email,2026-06-03T18:10:29+05:30,True,<cand-00169@mail.gmail.com>,1508,2026-06-05,shortlisted,2026-06-19
A01701,642,referral,2026-06-03T14:40:52+05:30,True,RF0211,1501,,,
A01702,1270,whatsapp,2026-06-03T21:48:45+05:30,True,919136687942@2026-06-03T21:48,1538,2026-06-09,rejected,
A01703,837,referral,2026-06-03T08:08:25+05:30,True,RF0212,1559,2026-06-11,shortlisted,2026-06-16
A01704,46,whatsapp,2026-06-03T23:36:17+05:30,True,919279691412@2026-06-03T23:36,1614,2026-06-15,rejected,
A01705,92,email,2026-06-03T16:20:10+05:30,True,<cand-00170@mail.gmail.com>,,,,
A01706,1189,job_board,2026-06-03T19:10:43+05:30,True,JB-100673,1502,,,
A01707,928,whatsapp,2026-06-03T20:32:01+05:30,True,916259551000@2026-06-03T20:32,1615,,,
W0028,467,walk_in,2026-06-03T14:00:50+05:30,True,,1485,2026-06-03,rejected,
A01709,128,whatsapp,2026-06-04T20:11:54+05:30,False,918756935190@2026-06-04T20:11,1503,2026-06-04,rejected_after_call,2026-06-20
A01710,194,job_board,2026-06-04T21:25:51+05:30,False,JB-100674,1509,,,
A01711,488,job_board,2026-06-04T20:35:26+05:30,False,JB-100675,1510,2026-06-05,rejected,
A01712,827,whatsapp,2026-06-04T15:25:25+05:30,False,919144533008@2026-06-04T15:25,,,,
A01713,1141,careers,2026-06-04T21:07:01+05:30,False,5326,1511,2026-06-05,shortlisted,2026-06-13
A01714,1301,job_board,2026-06-04T11:38:05+05:30,False,JB-100676,1512,2026-06-05,rejected,
A01715,1439,referral,2026-06-04T13:59:12+05:30,False,RF0213,,,,
A01716,1558,careers,2026-06-04T20:28:30+05:30,False,5327,1513,2026-06-05,rejected,
A01717,1786,email,2026-06-04T13:35:34+05:30,False,<cand-00171@mail.gmail.com>,1616,2026-06-15,rejected,
A01718,659,job_board,2026-06-04T19:34:17+05:30,True,JB-100677,1514,2026-06-05,rejected,
A01719,912,whatsapp,2026-06-04T23:29:24+05:30,True,919095337104@2026-06-04T23:29,,,,
A01720,512,job_board,2026-06-04T22:22:34+05:30,True,JB-100678,1515,2026-06-05,rejected,
A01721,366,job_board,2026-06-04T22:04:59+05:30,True,JB-100679,1516,2026-06-05,rejected,
A01722,310,whatsapp,2026-06-04T19:19:09+05:30,True,917098821444@2026-06-04T19:19,1524,,,
A01723,268,job_board,2026-06-05T19:32:15+05:30,False,JB-100680,1519,2026-06-08,shortlisted,2026-06-13
A01724,523,careers,2026-06-05T10:31:19+05:30,False,5328,1520,2026-06-08,rejected,
A01725,1181,referral,2026-06-05T22:05:45+05:30,False,RF0214,1602,2026-06-15,rejected,
A01726,1418,job_board,2026-06-05T21:00:13+05:30,False,JB-100681,1521,,,
A01727,587,referral,2026-06-05T08:19:14+05:30,True,RF0215,1517,2026-06-05,rejected,
A01728,593,careers,2026-06-05T16:28:41+05:30,True,5329,1522,2026-06-08,rejected,
A01729,1130,email,2026-06-05T10:32:02+05:30,True,<cand-00172@mail.gmail.com>,1523,,,
A01730,1775,email,2026-06-05T18:18:32+05:30,True,<cand-00173@mail.gmail.com>,1539,,,
A01731,102,careers,2026-06-06T23:50:05+05:30,False,5330,1525,2026-06-08,rejected,
A01732,279,job_board,2026-06-06T14:53:34+05:30,False,JB-100682,1526,2026-06-08,rejected,
A01733,1430,careers,2026-06-06T08:18:08+05:30,False,5331,1527,2026-06-08,rejected,
A01734,1478,job_board,2026-06-06T19:17:12+05:30,False,JB-100683,1528,,,
A01735,824,email,2026-06-06T22:19:14+05:30,True,<cand-00174@mail.gmail.com>,1532,2026-06-08,rejected,
A01736,33,careers,2026-06-06T16:37:07+05:30,True,5332,1529,,,
A01737,176,email,2026-06-06T14:34:32+05:30,True,<cand-00175@mail.gmail.com>,1589,2026-06-15,rejected,
A01738,1374,job_board,2026-06-06T14:41:02+05:30,True,JB-100684,1530,2026-06-08,shortlisted,2026-06-10
A01739,243,whatsapp,2026-06-07T12:43:22+05:30,False,918062200206@2026-06-07T12:43,,,,
A01740,573,job_board,2026-06-07T11:57:35+05:30,False,JB-100685,1533,2026-06-08,rejected,
A01741,771,job_board,2026-06-07T21:24:12+05:30,False,JB-100686,1534,,,
A01742,1182,email,2026-06-07T17:37:55+05:30,False,<cand-00176@mail.gmail.com>,1560,2026-06-11,rejected,
A01743,1195,referral,2026-06-07T09:53:22+05:30,False,RF0216,,,,
A01744,1601,email,2026-06-07T19:28:07+05:30,False,<cand-00177@mail.gmail.com>,1603,2026-06-15,shortlisted,2026-06-23
A01745,1735,referral,2026-06-07T16:10:54+05:30,False,RF0217,,,,
A01746,1875,whatsapp,2026-06-07T17:11:06+05:30,False,917043620775@2026-06-07T17:11,1531,2026-06-08,rejected,
A01747,540,job_board,2026-06-07T13:41:58+05:30,True,JB-100687,1535,,,
A01748,1797,email,2026-06-07T09:40:09+05:30,True,<cand-00178@mail.gmail.com>,,,,
A01749,522,whatsapp,2026-06-07T20:24:53+05:30,True,916987905071@2026-06-07T20:24,1570,,,
A01750,471,job_board,2026-06-07T08:22:57+05:30,True,JB-100688,1536,,,
A01751,1155,careers,2026-06-07T16:00:43+05:30,True,5333,1537,,,
A01752,255,email,2026-06-08T22:19:55+05:30,False,<cand-00179@mail.gmail.com>,1561,,,
A01753,283,careers,2026-06-08T16:52:13+05:30,False,5334,1540,2026-06-09,rejected,
A01754,1022,job_board,2026-06-08T13:20:11+05:30,False,JB-100689,1541,2026-06-09,rejected,
A01755,1344,referral,2026-06-08T23:21:54+05:30,False,RF0218,1542,2026-06-09,rejected,
A01756,1449,job_board,2026-06-08T23:32:25+05:30,False,JB-100690,1543,2026-06-09,rejected,
A01757,1727,whatsapp,2026-06-08T10:30:44+05:30,False,917841917635@2026-06-08T10:30,,,,
A01758,1889,job_board,2026-06-08T23:31:11+05:30,False,JB-100691,1544,2026-06-09,rejected,
A01759,1895,referral,2026-06-08T20:49:46+05:30,False,RF0219,1642,2026-06-18,rejected,
A01760,1021,job_board,2026-06-08T15:46:11+05:30,True,JB-100692,1545,2026-06-09,rejected,
A01761,1494,job_board,2026-06-08T11:58:46+05:30,True,JB-100693,1546,,,
A01762,1263,job_board,2026-06-08T16:36:06+05:30,True,JB-100694,1547,,,
A01763,120,job_board,2026-06-08T18:27:02+05:30,True,JB-100695,1548,,,
A01764,51,job_board,2026-06-08T12:52:10+05:30,True,JB-100696,1549,2026-06-09,rejected,
A01765,1353,job_board,2026-06-08T17:52:03+05:30,True,JB-100697,1550,2026-06-09,rejected,
A01766,552,job_board,2026-06-08T17:18:33+05:30,True,JB-100698,1551,2026-06-09,rejected,
A01767,43,job_board,2026-06-08T23:12:39+05:30,True,JB-100699,1552,2026-06-09,rejected,
A01768,315,referral,2026-06-09T15:23:22+05:30,False,RF0220,1646,2026-06-19,hired,2026-06-26
A01769,884,job_board,2026-06-09T13:42:54+05:30,False,JB-100700,1553,2026-06-10,shortlisted,2026-06-26
A01770,944,careers,2026-06-09T15:39:49+05:30,False,5335,1554,2026-06-10,rejected,
A01771,1358,whatsapp,2026-06-09T13:32:02+05:30,False,919690052885@2026-06-09T13:32,,,,
A01772,1522,job_board,2026-06-09T11:36:37+05:30,False,JB-100701,1555,2026-06-10,rejected,
A01773,1592,job_board,2026-06-09T13:33:23+05:30,False,JB-100702,1556,2026-06-10,hired,2026-06-16
A01774,1812,email,2026-06-09T16:25:00+05:30,False,<cand-00180@mail.gmail.com>,1622,2026-06-16,shortlisted,2026-06-26
A01775,751,referral,2026-06-09T18:42:21+05:30,True,RF0221,,,,
A01776,413,careers,2026-06-09T23:26:59+05:30,True,5336,1557,,,
A01777,484,email,2026-06-09T09:56:59+05:30,True,<cand-00181@mail.gmail.com>,1590,2026-06-15,rejected,
A01778,349,referral,2026-06-10T21:32:45+05:30,False,RF0222,1680,2026-06-22,shortlisted,2026-07-08
A01779,624,email,2026-06-10T08:02:21+05:30,False,<cand-00182@mail.gmail.com>,1617,2026-06-15,rejected,
A01780,749,job_board,2026-06-10T09:49:08+05:30,False,JB-100703,1562,2026-06-11,rejected,
A01781,844,careers,2026-06-10T22:28:46+05:30,False,5337,1563,2026-06-11,shortlisted,2026-06-13
A01782,1015,job_board,2026-06-10T11:57:14+05:30,False,JB-100704,1564,,,
A01783,1118,whatsapp,2026-06-10T20:12:58+05:30,False,919665813300@2026-06-10T20:12,1565,2026-06-11,rejected,
A01784,1275,job_board,2026-06-10T23:17:21+05:30,False,JB-100705,1566,2026-06-11,rejected,
A01785,1670,whatsapp,2026-06-10T20:52:15+05:30,False,916334624811@2026-06-10T20:52,1689,2026-06-22,rejected,
A01786,1919,whatsapp,2026-06-10T19:16:32+05:30,False,918322363433@2026-06-10T19:16,1623,2026-06-16,rejected,
A01787,781,job_board,2026-06-10T20:05:43+05:30,True,JB-100706,1567,,,
A01788,1913,job_board,2026-06-10T10:12:11+05:30,True,JB-100707,1568,,,
A01789,1523,whatsapp,2026-06-10T14:30:37+05:30,True,916307054746@2026-06-10T14:30,,,,
A01790,895,careers,2026-06-10T15:36:19+05:30,True,5338,1569,2026-06-11,rejected,
A01791,539,whatsapp,2026-06-11T20:26:36+05:30,False,918339223952@2026-06-11T20:26,1634,2026-06-17,rejected_after_call,2026-06-28
A01792,580,job_board,2026-06-11T18:30:32+05:30,False,JB-100708,1571,2026-06-12,rejected,
A01793,1094,careers,2026-06-11T19:54:05+05:30,False,5339,1572,2026-06-12,rejected,
A01794,1200,job_board,2026-06-11T14:42:16+05:30,False,JB-100709,1573,2026-06-12,shortlisted,2026-06-14
A01795,1347,job_board,2026-06-11T09:13:59+05:30,False,JB-100710,1574,2026-06-12,rejected,
A01796,1504,job_board,2026-06-11T10:38:50+05:30,False,JB-100711,1575,2026-06-12,rejected,
A01797,1759,referral,2026-06-11T16:36:59+05:30,False,RF0223,,,,
A01798,1789,careers,2026-06-11T18:28:48+05:30,False,5340,1576,2026-06-12,rejected,
A01799,1860,careers,2026-06-11T14:28:45+05:30,False,5341,1577,2026-06-12,shortlisted,2026-06-25
A01800,1924,careers,2026-06-11T11:28:10+05:30,False,5342,1578,2026-06-12,rejected,
A01801,1932,email,2026-06-11T21:47:01+05:30,False,<cand-00183@mail.gmail.com>,,,,
A01802,1143,whatsapp,2026-06-11T08:23:14+05:30,True,919747232137@2026-06-11T08:23,1660,2026-06-23,rejected,
A01803,1650,job_board,2026-06-11T17:28:11+05:30,True,JB-100712,1579,2026-06-12,rejected,
A01804,888,careers,2026-06-11T22:48:24+05:30,True,5343,1580,2026-06-12,rejected,
A01805,1329,job_board,2026-06-11T20:01:13+05:30,True,JB-100713,1581,,,
A01806,1655,job_board,2026-06-11T13:18:31+05:30,True,JB-100714,1582,,,
A01807,1591,careers,2026-06-11T14:08:29+05:30,True,5344,1583,2026-06-12,rejected,
A01808,654,whatsapp,2026-06-11T22:09:09+05:30,True,917646729022@2026-06-11T22:09,1690,2026-06-22,rejected_after_call,2026-07-06
A01809,1255,referral,2026-06-11T13:40:31+05:30,True,RF0224,,,,
A01810,1476,careers,2026-06-11T23:13:45+05:30,True,5345,1584,2026-06-12,rejected,
A01811,57,careers,2026-06-11T21:21:07+05:30,True,5346,1585,2026-06-12,rejected,
A01812,720,job_board,2026-06-11T20:57:03+05:30,True,JB-100715,1586,,,
A01813,252,careers,2026-06-12T14:50:02+05:30,False,5347,1591,2026-06-15,rejected,
A01814,610,job_board,2026-06-12T16:42:57+05:30,False,JB-100716,1592,2026-06-15,shortlisted,2026-06-30
A01815,643,job_board,2026-06-12T12:41:29+05:30,False,JB-100717,1593,,,
A01816,760,job_board,2026-06-12T18:21:42+05:30,False,JB-100718,1594,2026-06-16,rejected,
A01817,797,job_board,2026-06-12T08:53:19+05:30,False,JB-100719,1595,2026-06-16,rejected,
A01818,961,email,2026-06-12T13:21:28+05:30,False,<cand-00184@mail.gmail.com>,,,,
A01819,1187,referral,2026-06-12T16:42:40+05:30,False,RF0225,1635,,,
A01820,1645,job_board,2026-06-12T18:42:56+05:30,False,JB-100720,1596,2026-06-16,shortlisted,2026-06-24
A01821,1704,referral,2026-06-12T09:03:33+05:30,False,RF0226,,,,
A01822,1851,job_board,2026-06-12T17:38:01+05:30,False,JB-100721,1597,2026-06-16,rejected_after_call,2026-06-23
A01823,1862,careers,2026-06-12T19:44:17+05:30,False,5348,1598,2026-06-16,rejected_after_call,2026-07-01
A01824,1951,job_board,2026-06-12T22:09:33+05:30,False,JB-100722,1599,2026-06-16,rejected,
A01825,1676,whatsapp,2026-06-12T23:10:42+05:30,True,919286262393@2026-06-12T23:10,1587,2026-06-12,shortlisted,2026-06-19
A01826,1861,job_board,2026-06-12T22:08:22+05:30,True,JB-100723,1600,2026-06-16,rejected,
A01827,374,whatsapp,2026-06-12T20:58:04+05:30,True,918030627089@2026-06-12T20:58,,,,
A01828,41,whatsapp,2026-06-13T19:47:38+05:30,False,917689510290@2026-06-13T19:47,,,,
A01829,138,careers,2026-06-13T21:43:19+05:30,False,5349,1604,2026-06-15,hired,2026-06-26
A01830,295,job_board,2026-06-13T13:25:33+05:30,False,JB-100724,1605,2026-06-15,rejected,
A01831,579,whatsapp,2026-06-13T23:46:26+05:30,False,919547748846@2026-06-13T23:46,,,,
A01832,825,referral,2026-06-13T21:52:17+05:30,False,RF0227,,,,
A01833,1213,whatsapp,2026-06-13T11:24:58+05:30,False,917133229756@2026-06-13T11:24,1661,2026-06-23,rejected,
A01834,1298,job_board,2026-06-13T17:45:01+05:30,False,JB-100725,1606,2026-06-15,rejected,
A01835,1638,careers,2026-06-13T22:26:54+05:30,False,5350,1607,2026-06-15,shortlisted,2026-06-21
A01836,1663,email,2026-06-13T20:52:41+05:30,False,<cand-00185@mail.gmail.com>,,,,
A01837,1066,referral,2026-06-13T19:37:35+05:30,True,RF0228,,,,
A01838,1643,referral,2026-06-13T13:04:28+05:30,True,RF0229,1601,2026-06-16,rejected,
A01839,1139,referral,2026-06-13T14:00:17+05:30,True,RF0230,1727,2026-06-25,rejected,
A01840,362,whatsapp,2026-06-13T10:40:34+05:30,True,918931841136@2026-06-13T10:40,1681,2026-06-22,rejected,
A01841,1953,job_board,2026-06-13T16:38:55+05:30,True,JB-100726,1608,2026-06-15,shortlisted,2026-06-29
A01842,475,careers,2026-06-13T18:42:47+05:30,True,5351,1609,2026-06-15,shortlisted,2026-06-30
A01843,1717,job_board,2026-06-13T19:50:00+05:30,True,JB-100727,1610,2026-06-15,rejected,
A01844,368,careers,2026-06-13T20:12:35+05:30,True,5352,1611,2026-06-15,rejected,
A01845,148,job_board,2026-06-13T15:41:28+05:30,True,JB-100728,1612,,,
A01846,536,job_board,2026-06-14T14:28:13+05:30,False,JB-100729,1618,2026-06-15,rejected,
A01847,617,referral,2026-06-14T11:58:19+05:30,False,RF0231,,,,
A01848,1241,referral,2026-06-14T11:38:55+05:30,False,RF0232,1647,2026-06-19,rejected,
A01849,1382,whatsapp,2026-06-14T16:16:39+05:30,False,918688675855@2026-06-14T16:16,1648,,,
A01850,1764,job_board,2026-06-14T22:04:52+05:30,False,JB-100730,1619,,,
A01851,1511,whatsapp,2026-06-14T20:17:10+05:30,True,919146946206@2026-06-14T20:17,1624,2026-06-16,rejected,
A01852,277,email,2026-06-14T13:27:18+05:30,True,<cand-00186@mail.gmail.com>,1703,,,
A01853,1854,whatsapp,2026-06-14T14:05:22+05:30,True,917013181164@2026-06-14T14:05,,,,
A01854,950,job_board,2026-06-14T09:17:54+05:30,True,JB-100731,1620,,,
A01855,1303,job_board,2026-06-14T09:48:31+05:30,True,JB-100732,1621,2026-06-15,rejected,
A01856,710,whatsapp,2026-06-14T15:32:36+05:30,True,918854880043@2026-06-14T15:32,1704,,,
A01857,32,job_board,2026-06-15T13:31:26+05:30,False,JB-100733,1625,2026-06-16,shortlisted,2026-06-24
A01858,127,job_board,2026-06-15T22:07:50+05:30,False,JB-100734,1626,2026-06-16,rejected_after_call,2026-06-30
A01859,262,job_board,2026-06-15T13:15:45+05:30,False,JB-100735,1627,2026-06-16,rejected,
A01860,330,job_board,2026-06-15T16:10:19+05:30,False,JB-100736,1628,2026-06-16,rejected,
A01861,555,referral,2026-06-15T19:31:42+05:30,False,RF0233,1717,2026-06-24,shortlisted,2026-07-05
A01862,953,whatsapp,2026-06-15T18:33:42+05:30,False,917022006938@2026-06-15T18:33,1735,,,
A01863,1138,job_board,2026-06-15T19:52:06+05:30,False,JB-100737,1629,2026-06-16,rejected,
A01864,1394,careers,2026-06-15T09:27:53+05:30,False,5353,1630,,,
A01865,1450,email,2026-06-15T17:50:39+05:30,False,<cand-00187@mail.gmail.com>,1749,2026-06-29,rejected,
A01866,1471,referral,2026-06-15T15:24:40+05:30,False,RF0234,1662,2026-06-23,shortlisted,2026-06-25
A01867,1190,job_board,2026-06-15T15:12:36+05:30,True,JB-100738,1631,2026-06-16,rejected,
A01868,93,job_board,2026-06-15T20:46:58+05:30,True,JB-100739,1632,,,
A01869,84,job_board,2026-06-15T09:19:38+05:30,True,JB-100740,1633,2026-06-16,rejected,
W0029,346,walk_in,2026-06-15T12:04:41+05:30,True,,1613,2026-06-15,rejected,
A01871,69,whatsapp,2026-06-16T10:50:59+05:30,False,919998172898@2026-06-16T10:50,1718,2026-06-24,rejected,
A01872,175,whatsapp,2026-06-16T22:30:42+05:30,False,917138695420@2026-06-16T22:30,1705,2026-06-23,shortlisted,2026-07-02
A01873,637,job_board,2026-06-16T17:12:33+05:30,False,JB-100741,1636,2026-06-17,rejected,
A01874,923,email,2026-06-16T18:42:11+05:30,False,<cand-00188@mail.gmail.com>,1706,2026-06-23,rejected,
A01875,1359,email,2026-06-16T11:21:44+05:30,False,<cand-00189@mail.gmail.com>,1663,2026-06-23,rejected,
A01876,1362,email,2026-06-16T12:00:28+05:30,False,<cand-00190@mail.gmail.com>,1664,2026-06-23,shortlisted,2026-07-01
A01877,1462,whatsapp,2026-06-16T13:30:58+05:30,False,917593006578@2026-06-16T13:30,1649,2026-06-19,rejected,
A01878,1549,job_board,2026-06-16T10:10:01+05:30,False,JB-100742,1637,2026-06-17,rejected,
A01879,1550,email,2026-06-16T10:54:05+05:30,False,<cand-00191@mail.gmail.com>,1691,2026-06-22,rejected,
A01880,1750,job_board,2026-06-16T14:25:37+05:30,False,JB-100743,1638,2026-06-17,rejected,
A01881,1839,job_board,2026-06-16T20:56:44+05:30,False,JB-100744,1639,2026-06-17,rejected,
A01882,1903,referral,2026-06-16T10:16:16+05:30,False,RF0235,1682,2026-06-22,rejected,
A01883,1662,email,2026-06-16T20:39:11+05:30,True,<cand-00192@mail.gmail.com>,,,,
A01884,203,careers,2026-06-16T16:50:16+05:30,True,5354,1640,2026-06-17,rejected,
A01885,1041,careers,2026-06-16T23:58:32+05:30,True,5355,1641,2026-06-17,rejected,
A01886,1205,careers,2026-06-17T22:00:20+05:30,False,5356,1643,2026-06-18,rejected,
A01887,1694,job_board,2026-06-17T09:24:21+05:30,False,JB-100745,1644,2026-06-18,rejected,
A01888,1052,referral,2026-06-17T21:13:04+05:30,True,RF0236,1736,2026-06-26,rejected,
A01889,1407,email,2026-06-17T13:12:02+05:30,True,<cand-00193@mail.gmail.com>,1683,2026-06-22,rejected,
A01890,167,whatsapp,2026-06-17T10:00:10+05:30,True,916729940409@2026-06-17T10:00,1665,2026-06-23,shortlisted,2026-07-05
A01891,161,careers,2026-06-18T20:37:50+05:30,False,5357,1650,2026-06-19,hired,2026-07-04
A01892,411,email,2026-06-18T13:45:47+05:30,False,<cand-00194@mail.gmail.com>,1692,2026-06-22,rejected,
A01893,516,whatsapp,2026-06-18T20:11:30+05:30,False,916535488468@2026-06-18T20:11,1693,2026-06-22,rejected,
A01894,614,email,2026-06-18T15:45:28+05:30,False,<cand-00195@mail.gmail.com>,1764,,,
A01895,800,referral,2026-06-18T12:46:06+05:30,False,RF0237,1765,2026-06-29,rejected,
A01896,1002,job_board,2026-06-18T11:46:07+05:30,False,JB-100746,1651,2026-06-19,rejected,
A01897,1191,whatsapp,2026-06-18T20:42:09+05:30,False,918775021700@2026-06-18T20:42,1777,2026-06-29,rejected,
A01898,1208,careers,2026-06-18T17:56:31+05:30,False,5358,1652,,,
A01899,1224,job_board,2026-06-18T11:42:14+05:30,False,JB-100747,1653,2026-06-19,rejected,
A01900,1436,job_board,2026-06-18T09:40:43+05:30,False,JB-100748,1654,,,
A01901,1677,whatsapp,2026-06-18T18:32:27+05:30,False,916016840453@2026-06-18T18:32,,,,
A01902,1695,job_board,2026-06-18T15:06:22+05:30,False,JB-100749,1655,2026-06-19,rejected,
A01903,1706,job_board,2026-06-18T13:19:23+05:30,False,JB-100750,1656,2026-06-19,rejected,
A01904,269,job_board,2026-06-18T18:24:27+05:30,True,JB-100751,1657,2026-06-19,rejected,
A01905,472,referral,2026-06-18T21:17:53+05:30,True,RF0238,,,,
A01906,569,whatsapp,2026-06-18T20:57:07+05:30,True,919629312177@2026-06-18T20:57,,,,
A01907,1197,careers,2026-06-18T11:49:56+05:30,True,5359,1658,2026-06-19,rejected,
A01908,12,careers,2026-06-18T22:41:38+05:30,True,5360,1659,2026-06-19,rejected_after_call,2026-06-22
A01909,275,careers,2026-06-19T22:08:36+05:30,False,5361,1666,2026-06-23,rejected,
A01910,336,email,2026-06-19T13:37:58+05:30,False,<cand-00196@mail.gmail.com>,,,,
A01911,686,job_board,2026-06-19T17:33:37+05:30,False,JB-100752,1667,2026-06-23,shortlisted,2026-07-03
A01912,698,whatsapp,2026-06-19T22:47:34+05:30,False,918954199313@2026-06-19T22:47,,,,
A01913,783,careers,2026-06-19T20:14:50+05:30,False,5362,1668,,,
A01914,812,job_board,2026-06-19T20:24:47+05:30,False,JB-100753,1670,2026-06-24,rejected,
A01915,922,job_board,2026-06-19T08:26:08+05:30,False,JB-100754,1671,2026-06-24,rejected,
A01916,975,job_board,2026-06-19T19:29:45+05:30,False,JB-100755,1672,2026-06-24,rejected,
A01917,1416,careers,2026-06-19T12:36:04+05:30,False,5363,1673,2026-06-24,rejected,
A01918,1509,whatsapp,2026-06-19T16:37:46+05:30,False,916574118704@2026-06-19T16:37,,,,
A01919,1780,whatsapp,2026-06-19T15:20:32+05:30,False,919755199029@2026-06-19T15:20,,,,
A01920,1838,whatsapp,2026-06-19T20:27:49+05:30,False,919578521769@2026-06-19T20:27,1719,2026-06-24,rejected,
A01921,1108,referral,2026-06-19T10:50:38+05:30,True,RF0239,1728,,,
A01922,1594,referral,2026-06-19T11:43:07+05:30,True,RF0240,,,,
A01923,1751,job_board,2026-06-19T17:40:53+05:30,True,JB-100756,1674,2026-06-24,rejected,
A01924,869,careers,2026-06-19T23:48:44+05:30,True,5364,1675,,,
A01925,1331,job_board,2026-06-19T18:52:55+05:30,True,JB-100757,1676,2026-06-24,rejected,
A01926,1271,whatsapp,2026-06-19T21:25:30+05:30,True,918611045978@2026-06-19T21:25,1694,2026-06-22,rejected,
A01927,1274,job_board,2026-06-19T17:24:41+05:30,True,JB-100758,1677,2026-06-24,rejected_after_call,2026-07-02
A01928,1686,job_board,2026-06-19T12:21:02+05:30,True,JB-100759,1678,,,
A01929,806,careers,2026-06-19T19:09:01+05:30,True,5365,1679,2026-06-24,rejected,
W0030,13,walk_in,2026-06-19T17:43:57+05:30,True,,1645,2026-06-19,rejected,
A01931,30,job_board,2026-06-20T19:31:07+05:30,False,JB-100760,1684,2026-06-22,rejected,
A01932,674,referral,2026-06-20T17:32:59+05:30,False,RF0241,1720,2026-06-24,hired,2026-06-28
A01933,810,whatsapp,2026-06-20T20:28:51+05:30,False,919145367488@2026-06-20T20:28,1766,2026-06-29,rejected,
A01934,1586,job_board,2026-06-20T08:09:14+05:30,False,JB-100761,1685,2026-06-22,rejected,
A01935,1826,email,2026-06-20T08:04:02+05:30,False,<cand-00197@mail.gmail.com>,1750,,,
A01936,1923,job_board,2026-06-20T23:06:51+05:30,True,JB-100762,1686,2026-06-22,rejected,
A01937,1893,careers,2026-06-20T21:01:19+05:30,True,5366,1687,2026-06-22,hired,2026-06-24
A01938,392,whatsapp,2026-06-20T08:08:18+05:30,True,916454566243@2026-06-20T08:08,1807,,,
A01939,185,job_board,2026-06-21T18:54:44+05:30,False,JB-100763,1695,,,
A01940,258,whatsapp,2026-06-21T21:13:09+05:30,False,918560976064@2026-06-21T21:13,,,,
A01941,1384,email,2026-06-21T23:31:41+05:30,False,<cand-00198@mail.gmail.com>,1737,2026-06-26,hired,2026-07-09
A01942,1404,job_board,2026-06-21T16:29:06+05:30,False,JB-100764,1696,,,
A01943,1514,job_board,2026-06-21T15:54:22+05:30,False,JB-100765,1697,2026-06-22,rejected,
A01944,1766,job_board,2026-06-21T13:12:26+05:30,False,JB-100766,1698,2026-06-22,rejected,
A01945,1817,job_board,2026-06-21T14:15:41+05:30,False,JB-100767,1699,,,
A01946,238,referral,2026-06-21T17:08:48+05:30,True,RF0242,1799,,,
A01947,421,referral,2026-06-21T09:07:28+05:30,True,RF0243,1767,,,
A01948,570,email,2026-06-21T12:25:53+05:30,True,<cand-00199@mail.gmail.com>,,,,
A01949,601,job_board,2026-06-21T15:39:00+05:30,True,JB-100768,1700,2026-06-22,shortlisted,2026-07-06
A01950,562,job_board,2026-06-21T12:37:00+05:30,True,JB-100769,1701,2026-06-22,shortlisted,2026-07-07
A01951,1590,referral,2026-06-21T23:22:04+05:30,True,RF0244,1707,2026-06-23,rejected,
A01952,308,email,2026-06-21T11:19:49+05:30,True,<cand-00200@mail.gmail.com>,,,,
A01953,1532,job_board,2026-06-21T14:35:14+05:30,True,JB-100770,1702,2026-06-22,rejected,
A01954,18,careers,2026-06-22T14:43:53+05:30,False,5367,1708,,,
A01955,259,careers,2026-06-22T20:48:16+05:30,False,5368,1709,2026-06-23,rejected,
A01956,338,job_board,2026-06-22T16:41:08+05:30,False,JB-100771,1710,2026-06-23,rejected,
A01957,359,job_board,2026-06-22T13:33:11+05:30,False,JB-100772,1711,2026-06-23,shortlisted,2026-06-28
A01958,1078,email,2026-06-22T22:40:13+05:30,False,<cand-00201@mail.gmail.com>,1788,2026-06-30,rejected,
A01959,1121,job_board,2026-06-22T17:47:46+05:30,False,JB-100773,1712,2026-06-23,shortlisted,2026-07-07
A01960,1559,job_board,2026-06-22T15:51:48+05:30,False,JB-100774,1713,,,
A01961,1737,careers,2026-06-22T08:01:02+05:30,False,5369,1714,2026-06-23,rejected,
A01962,1774,job_board,2026-06-22T14:31:36+05:30,False,JB-100775,1715,2026-06-23,shortlisted,2026-07-06
A01963,1229,job_board,2026-06-22T19:09:11+05:30,True,JB-100776,1716,2026-06-23,rejected,
W0031,1834,walk_in,2026-06-22T13:21:24+05:30,False,,1688,2026-06-22,rejected,
A01965,205,referral,2026-06-23T20:09:23+05:30,False,RF0245,1751,2026-06-29,rejected,
A01966,518,referral,2026-06-23T16:29:01+05:30,False,RF0246,1837,2026-07-06,rejected_after_call,2026-07-09
A01967,556,whatsapp,2026-06-23T11:53:59+05:30,False,916251808320@2026-06-23T11:53,1768,2026-06-29,rejected,
A01968,645,email,2026-06-23T19:25:39+05:30,False,<cand-00202@mail.gmail.com>,1738,,,
A01969,1161,whatsapp,2026-06-23T12:02:50+05:30,False,918125191368@2026-06-23T12:02,1778,2026-06-29,hired,2026-07-05
A01970,1192,whatsapp,2026-06-23T23:28:31+05:30,False,918341216297@2026-06-23T23:28,1838,2026-07-06,rejected,
A01971,1484,email,2026-06-23T19:51:46+05:30,False,<cand-00203@mail.gmail.com>,1789,2026-06-30,rejected,
A01972,1529,job_board,2026-06-23T13:57:42+05:30,False,JB-100777,1721,2026-06-24,shortlisted,2026-06-30
A01973,1933,job_board,2026-06-23T15:09:19+05:30,False,JB-100778,1722,,,
A01974,1117,careers,2026-06-23T13:28:25+05:30,True,5370,1723,2026-06-24,rejected,
A01975,149,job_board,2026-06-23T16:59:17+05:30,True,JB-100779,1724,2026-06-24,rejected,
A01976,1186,whatsapp,2026-06-23T22:38:03+05:30,True,917267295831@2026-06-23T22:38,1779,,,
A01977,1223,job_board,2026-06-23T09:10:37+05:30,True,JB-100780,1725,2026-06-24,shortlisted,2026-07-09
A01978,938,job_board,2026-06-23T22:52:57+05:30,True,JB-100781,1726,,,
A01979,221,email,2026-06-23T15:02:27+05:30,True,<cand-00204@mail.gmail.com>,,,,
A01980,1009,job_board,2026-06-24T08:25:55+05:30,False,JB-100782,1729,2026-06-25,rejected,
A01981,1310,job_board,2026-06-24T12:02:38+05:30,False,JB-100783,1730,2026-06-25,rejected,
A01982,1403,job_board,2026-06-24T09:24:26+05:30,False,JB-100784,1731,2026-06-25,rejected,
A01983,1467,email,2026-06-24T20:45:08+05:30,False,<cand-00205@mail.gmail.com>,1732,2026-06-25,rejected,
A01984,1605,whatsapp,2026-06-24T17:48:04+05:30,False,916380415719@2026-06-24T17:48,1839,2026-07-06,rejected,
A01985,1866,job_board,2026-06-24T15:44:34+05:30,False,JB-100785,1733,2026-06-25,rejected,
A01986,926,careers,2026-06-24T14:11:39+05:30,True,5371,1734,,,
A01987,1169,referral,2026-06-24T22:03:56+05:30,True,RF0247,1780,2026-06-29,rejected,
A01988,78,careers,2026-06-25T19:02:38+05:30,False,5372,1739,2026-06-26,rejected,
A01989,331,careers,2026-06-25T08:59:08+05:30,False,5373,1740,2026-06-26,rejected,
A01990,384,referral,2026-06-25T23:28:04+05:30,False,RF0248,,,,
A01991,1081,job_board,2026-06-25T15:20:30+05:30,False,JB-100786,1741,2026-06-26,rejected,
A01992,1222,whatsapp,2026-06-25T09:44:54+05:30,False,917699902473@2026-06-25T09:44,,,,
A01993,1243,email,2026-06-25T18:53:30+05:30,False,<cand-00206@mail.gmail.com>,,,,
A01994,1473,careers,2026-06-25T10:09:19+05:30,False,5374,1742,2026-06-26,rejected,
A01995,1757,job_board,2026-06-25T08:21:31+05:30,False,JB-100787,1743,2026-06-26,rejected,
A01996,1883,job_board,2026-06-25T16:16:44+05:30,False,JB-100788,1744,2026-06-26,shortlisted,2026-07-06
A01997,847,job_board,2026-06-25T19:01:49+05:30,True,JB-100789,1745,,,
A01998,565,job_board,2026-06-25T19:07:54+05:30,True,JB-100790,1746,2026-06-26,rejected,
A01999,113,job_board,2026-06-25T20:29:41+05:30,True,JB-100791,1747,2026-06-26,rejected,
A02000,786,job_board,2026-06-25T20:16:51+05:30,True,JB-100792,1748,2026-06-26,rejected,
A02001,157,whatsapp,2026-06-25T21:40:10+05:30,True,919344464936@2026-06-25T21:40,,,,
A02002,35,careers,2026-06-26T21:09:42+05:30,False,5375,1752,2026-06-29,shortlisted,2026-07-11
A02003,271,careers,2026-06-26T20:27:20+05:30,False,5376,1753,2026-06-29,rejected,
A02004,553,referral,2026-06-26T22:13:31+05:30,False,RF0249,1754,2026-06-29,rejected_after_call,2026-07-03
A02005,1033,job_board,2026-06-26T21:46:05+05:30,False,JB-100793,1755,2026-06-30,rejected,
A02006,1240,email,2026-06-26T19:34:47+05:30,False,<cand-00207@mail.gmail.com>,1874,2026-07-08,rejected_after_call,2026-07-10
A02007,1498,job_board,2026-06-26T14:22:40+05:30,False,JB-100794,1756,2026-06-30,rejected,
A02008,1627,job_board,2026-06-26T09:42:05+05:30,False,JB-100795,1757,2026-06-30,rejected,
A02009,1630,careers,2026-06-26T08:26:39+05:30,False,5377,1758,2026-06-30,shortlisted,2026-07-03
A02010,1864,whatsapp,2026-06-26T09:07:28+05:30,True,917174053343@2026-06-26T09:07,,,,
A02011,605,careers,2026-06-26T09:11:53+05:30,True,5378,1759,2026-06-30,hired,2026-07-08
A02012,1215,careers,2026-06-26T15:46:50+05:30,True,5379,1760,2026-06-30,rejected,
A02013,627,job_board,2026-06-26T10:57:20+05:30,True,JB-100796,1761,,,
A02014,1830,job_board,2026-06-26T11:46:57+05:30,True,JB-100797,1762,2026-06-30,rejected,
A02015,190,whatsapp,2026-06-27T20:02:26+05:30,False,919303261715@2026-06-27T20:02,1808,2026-07-02,shortlisted,2026-07-04
A02016,506,careers,2026-06-27T21:03:06+05:30,False,5380,1769,2026-06-29,rejected,
A02017,1062,careers,2026-06-27T21:49:42+05:30,False,5381,1770,,,
A02018,1122,referral,2026-06-27T09:33:07+05:30,False,RF0250,1800,2026-07-01,rejected,
A02019,1225,careers,2026-06-27T10:57:04+05:30,False,5382,1771,2026-06-29,rejected,
A02020,1375,careers,2026-06-27T18:14:42+05:30,False,5383,1772,,,
A02021,1360,whatsapp,2026-06-27T13:29:48+05:30,True,919391978712@2026-06-27T13:29,1809,,,
A02022,11,whatsapp,2026-06-27T20:34:50+05:30,True,917263329456@2026-06-27T20:34,1863,,,
A02023,1322,referral,2026-06-27T09:44:40+05:30,True,RF0251,1763,,,
A02024,1194,careers,2026-06-27T15:03:07+05:30,True,5384,1773,,,
A02025,901,job_board,2026-06-27T09:32:15+05:30,True,JB-100798,1774,2026-06-29,rejected,
A02026,1823,job_board,2026-06-27T13:28:57+05:30,True,JB-100799,1775,,,
A02027,1825,job_board,2026-06-27T23:28:00+05:30,True,JB-100800,1776,2026-06-29,rejected,
A02028,678,referral,2026-06-27T18:22:47+05:30,True,RF0252,1875,2026-07-08,rejected,
A02029,1057,email,2026-06-28T09:35:34+05:30,True,<cand-00208@mail.gmail.com>,,,,
A02030,253,job_board,2026-06-28T15:10:13+05:30,True,JB-100801,1781,,,
A02031,584,job_board,2026-06-28T13:51:39+05:30,True,JB-100802,1782,2026-06-29,rejected,
A02032,655,email,2026-06-28T09:46:46+05:30,True,<cand-00209@mail.gmail.com>,1783,2026-06-29,rejected,
A02033,799,job_board,2026-06-28T21:24:09+05:30,True,JB-100803,1784,2026-06-29,rejected,
A02034,0,careers,2026-06-28T10:27:30+05:30,True,5385,1785,2026-06-29,rejected_after_call,2026-07-05
A02035,453,email,2026-06-28T21:15:27+05:30,True,<cand-00210@mail.gmail.com>,1881,2026-07-09,shortlisted,2026-07-24
A02036,1459,job_board,2026-06-28T13:32:09+05:30,True,JB-100804,1786,2026-06-29,rejected,
A02037,1385,job_board,2026-06-28T12:50:40+05:30,True,JB-100805,1787,2026-06-29,rejected,
A02038,60,job_board,2026-06-29T08:42:26+05:30,False,JB-100806,1790,2026-06-30,rejected,
A02039,378,job_board,2026-06-29T11:01:37+05:30,False,JB-100807,1791,,,
A02040,972,email,2026-06-29T22:35:45+05:30,False,<cand-00211@mail.gmail.com>,,,,
A02041,976,careers,2026-06-29T09:23:49+05:30,False,5386,1792,2026-06-30,rejected,
A02042,1452,job_board,2026-06-29T19:03:06+05:30,False,JB-100808,1794,2026-06-30,rejected,
A02043,1687,whatsapp,2026-06-29T21:09:25+05:30,False,918167923019@2026-06-29T21:09,1795,2026-06-30,rejected,
A02044,1820,email,2026-06-29T23:19:46+05:30,True,<cand-00212@mail.gmail.com>,,,,
A02045,960,careers,2026-06-29T11:24:12+05:30,True,5387,1796,2026-06-30,rejected,
A02046,189,whatsapp,2026-06-29T20:39:22+05:30,True,918728116440@2026-06-29T20:39,1853,2026-07-06,rejected,
A02047,1402,referral,2026-06-29T21:39:20+05:30,True,RF0253,1810,2026-07-02,rejected,
A02048,1747,job_board,2026-06-29T17:22:12+05:30,True,JB-100809,1797,2026-06-30,rejected,
A02049,1113,job_board,2026-06-29T18:29:13+05:30,True,JB-100810,1798,2026-06-30,rejected_after_call,2026-07-05
A02050,45,job_board,2026-06-30T09:47:03+05:30,False,JB-100811,1801,2026-07-01,rejected,
A02051,261,email,2026-06-30T12:17:50+05:30,False,<cand-00213@mail.gmail.com>,1840,2026-07-06,rejected,
A02052,327,referral,2026-06-30T13:10:44+05:30,False,RF0254,1841,2026-07-06,rejected,
A02053,448,job_board,2026-06-30T13:28:44+05:30,False,JB-100812,1802,2026-07-01,rejected,
A02054,629,email,2026-06-30T08:23:35+05:30,False,<cand-00214@mail.gmail.com>,1842,,,
A02055,715,careers,2026-06-30T17:19:37+05:30,False,5388,1803,2026-07-01,rejected,
A02056,731,careers,2026-06-30T17:26:51+05:30,False,5389,1804,2026-07-01,rejected,
A02057,897,referral,2026-06-30T15:45:00+05:30,False,RF0255,,,,
A02058,1314,whatsapp,2026-06-30T11:37:05+05:30,False,918176229690@2026-06-30T11:37,1805,2026-07-01,rejected,
A02059,877,referral,2026-06-30T18:30:30+05:30,True,RF0256,,,,
A02060,498,referral,2026-06-30T10:37:26+05:30,True,RF0257,1811,2026-07-02,rejected,
A02061,520,careers,2026-06-30T20:31:00+05:30,True,5390,1806,2026-07-01,rejected,
A02062,181,whatsapp,2026-07-01T08:09:13+05:30,False,917298751865@2026-07-01T08:09,1898,2026-07-14,rejected,
A02063,230,email,2026-07-01T15:52:28+05:30,False,<cand-00215@mail.gmail.com>,1890,2026-07-10,rejected,
A02064,256,job_board,2026-07-01T21:11:01+05:30,False,JB-100813,1812,2026-07-02,hired,2026-07-18
A02065,936,careers,2026-07-01T16:39:33+05:30,False,5391,1813,2026-07-02,rejected,
A02066,1217,job_board,2026-07-01T23:24:33+05:30,False,JB-100814,1814,,,
A02067,1305,whatsapp,2026-07-01T21:04:42+05:30,False,918765041932@2026-07-01T21:04,1815,2026-07-02,rejected_after_call,2026-07-06
A02068,1306,whatsapp,2026-07-01T22:39:52+05:30,False,919862784043@2026-07-01T22:39,,,,
A02069,1724,job_board,2026-07-01T22:09:30+05:30,False,JB-100815,1816,,,
A02070,1816,job_board,2026-07-01T22:55:53+05:30,False,JB-100816,1817,2026-07-02,rejected,
A02071,439,job_board,2026-07-01T10:28:10+05:30,True,JB-100817,1818,2026-07-02,rejected,
A02072,734,whatsapp,2026-07-01T19:37:04+05:30,True,917419716533@2026-07-01T19:37,,,,
A02073,1176,job_board,2026-07-01T23:07:27+05:30,True,JB-100818,1819,,,
A02074,344,job_board,2026-07-01T14:27:10+05:30,True,JB-100819,1820,2026-07-02,rejected,
A02075,700,job_board,2026-07-01T17:39:39+05:30,True,JB-100820,1821,2026-07-02,shortlisted,2026-07-13
A02076,683,careers,2026-07-01T13:38:36+05:30,True,5392,1822,2026-07-02,shortlisted,2026-07-17
A02077,859,job_board,2026-07-02T15:42:19+05:30,False,JB-100821,1823,2026-07-03,rejected,
A02078,1127,job_board,2026-07-02T23:39:36+05:30,False,JB-100822,1824,2026-07-03,rejected,
A02079,1196,careers,2026-07-02T23:46:03+05:30,False,5393,1825,,,
A02080,1572,whatsapp,2026-07-02T11:55:37+05:30,False,919811981784@2026-07-02T11:55,1864,,,
A02081,1828,whatsapp,2026-07-02T14:08:09+05:30,False,917246975730@2026-07-02T14:08,1907,2026-07-13,rejected_after_call,2026-07-25
A02082,1897,referral,2026-07-02T16:46:36+05:30,False,RF0258,1829,,,
A02083,1319,referral,2026-07-02T11:03:58+05:30,True,RF0259,1882,2026-07-09,rejected,
A02084,16,job_board,2026-07-02T14:54:20+05:30,True,JB-100823,1826,,,
A02085,1291,job_board,2026-07-02T14:50:40+05:30,True,JB-100824,1827,2026-07-03,rejected,
A02086,1683,job_board,2026-07-02T13:25:15+05:30,True,JB-100825,1828,,,
A02087,1395,referral,2026-07-02T11:35:13+05:30,True,RF0260,1883,,,
A02088,919,email,2026-07-03T16:40:01+05:30,False,<cand-00216@mail.gmail.com>,1843,,,
A02089,1288,job_board,2026-07-03T21:49:40+05:30,False,JB-100826,1830,2026-07-06,rejected,
A02090,1409,referral,2026-07-03T17:09:55+05:30,False,RF0261,1899,2026-07-14,rejected,
A02091,1424,email,2026-07-03T18:11:39+05:30,False,<cand-00217@mail.gmail.com>,1876,,,
A02092,1814,careers,2026-07-03T12:21:43+05:30,False,5394,1831,2026-07-06,rejected,
A02093,147,job_board,2026-07-03T16:38:26+05:30,True,JB-100827,1832,2026-07-06,rejected,
A02094,1013,careers,2026-07-03T22:58:42+05:30,True,5395,1833,2026-07-06,shortlisted,2026-07-18
A02095,978,walk_in,2026-07-03T13:55:24+05:30,True,,1854,,,
A02096,651,job_board,2026-07-03T19:12:17+05:30,True,JB-100828,1834,,,
A02097,653,job_board,2026-07-03T20:09:43+05:30,True,JB-100829,1835,2026-07-06,rejected,
A02098,1802,job_board,2026-07-03T15:03:51+05:30,True,JB-100830,1836,2026-07-07,shortlisted,2026-07-21
A02099,807,job_board,2026-07-04T22:48:20+05:30,False,JB-100831,1844,2026-07-06,rejected,
A02100,1174,careers,2026-07-04T15:53:24+05:30,False,5396,1845,2026-07-06,rejected,
A02101,1247,job_board,2026-07-04T18:28:31+05:30,False,JB-100832,1846,2026-07-06,shortlisted,2026-07-16
A02102,1708,careers,2026-07-04T22:57:03+05:30,False,5397,1847,,,
A02103,1882,careers,2026-07-04T08:34:14+05:30,False,5398,1848,2026-07-06,rejected,
A02104,1888,job_board,2026-07-04T21:11:37+05:30,False,JB-100833,1849,,,
A02105,1776,careers,2026-07-04T23:07:16+05:30,True,5399,1850,2026-07-06,rejected,
A02106,1477,job_board,2026-07-04T17:59:42+05:30,True,JB-100834,1851,2026-07-06,rejected,
A02107,1466,email,2026-07-04T23:23:14+05:30,True,<cand-00218@mail.gmail.com>,1943,2026-07-15,rejected,
A02108,233,job_board,2026-07-04T22:05:01+05:30,True,JB-100835,1852,2026-07-06,rejected,
A02109,1656,referral,2026-07-04T13:46:59+05:30,True,RF0262,1908,2026-07-13,rejected_after_call,2026-07-17
A02110,1031,email,2026-07-04T18:25:24+05:30,True,<cand-00219@mail.gmail.com>,,,,
A02111,322,whatsapp,2026-07-05T21:00:08+05:30,False,916584729121@2026-07-05T21:00,1909,2026-07-13,rejected,
A02112,487,whatsapp,2026-07-05T19:15:58+05:30,False,916175575883@2026-07-05T19:15,1891,2026-07-10,rejected,
A02113,744,referral,2026-07-05T12:20:30+05:30,False,RF0263,,,,
A02114,853,referral,2026-07-05T18:54:19+05:30,False,RF0264,,,,
A02115,962,job_board,2026-07-05T11:27:23+05:30,False,JB-100836,1855,2026-07-06,rejected,
A02116,965,referral,2026-07-05T12:03:29+05:30,False,RF0265,,,,
A02117,1283,careers,2026-07-05T12:56:44+05:30,False,5400,1856,2026-07-06,rejected,
A02118,1867,job_board,2026-07-05T08:59:21+05:30,False,JB-100837,1857,2026-07-06,rejected,
A02119,1280,job_board,2026-07-05T12:48:45+05:30,True,JB-100838,1858,2026-07-06,rejected,
A02120,151,careers,2026-07-05T21:25:22+05:30,True,5401,1859,,,
A02121,1299,careers,2026-07-05T21:35:08+05:30,True,5402,1860,2026-07-06,rejected,
A02122,63,referral,2026-07-05T23:12:01+05:30,True,RF0266,1865,2026-07-07,rejected,
A02123,163,careers,2026-07-05T22:16:14+05:30,True,5403,1861,,,
A02124,1624,whatsapp,2026-07-05T15:00:03+05:30,True,918122949779@2026-07-05T15:00,1900,,,
A02125,26,careers,2026-07-06T23:33:42+05:30,False,5404,1866,2026-07-07,rejected,
A02126,123,referral,2026-07-06T22:24:16+05:30,False,RF0267,,,,
A02127,433,careers,2026-07-06T22:17:51+05:30,False,5405,1867,2026-07-07,rejected,
A02128,441,job_board,2026-07-06T22:47:01+05:30,False,JB-100839,1868,2026-07-07,rejected,
A02129,1014,job_board,2026-07-06T12:36:33+05:30,False,JB-100840,1869,2026-07-07,shortlisted,2026-07-16
A02130,1732,careers,2026-07-06T13:45:29+05:30,False,5406,1870,2026-07-07,rejected_after_call,2026-07-18
A02131,493,job_board,2026-07-06T16:54:57+05:30,True,JB-100841,1871,,,
A02132,1020,job_board,2026-07-06T21:17:58+05:30,True,JB-100842,1872,2026-07-07,rejected,
A02133,593,careers,2026-07-06T15:10:44+05:30,True,5407,1873,2026-07-07,shortlisted,2026-07-18
A02134,1115,whatsapp,2026-07-07T12:28:21+05:30,False,919634726710@2026-07-07T12:28,1971,2026-07-17,rejected,
A02135,1446,job_board,2026-07-07T22:57:26+05:30,False,JB-100843,1877,2026-07-08,rejected,
A02136,1874,whatsapp,2026-07-07T10:23:18+05:30,False,919909973233@2026-07-07T10:23,1933,2026-07-14,rejected,
A02137,1499,job_board,2026-07-07T20:37:08+05:30,True,JB-100844,1878,,,
A02138,1012,job_board,2026-07-07T21:52:23+05:30,True,JB-100845,1879,2026-07-08,rejected,
W0032,488,walk_in,2026-07-07T11:24:25+05:30,True,,1862,,,
A02140,81,job_board,2026-07-08T18:09:57+05:30,False,JB-100846,1884,2026-07-09,rejected,
A02141,184,job_board,2026-07-08T09:19:27+05:30,False,JB-100847,1885,2026-07-09,rejected,
A02142,1758,job_board,2026-07-08T23:02:13+05:30,False,JB-100848,1886,,,
A02143,333,email,2026-07-08T18:29:18+05:30,True,<cand-00220@mail.gmail.com>,1956,2026-07-16,rejected,
A02144,832,whatsapp,2026-07-08T22:35:17+05:30,True,916428878068@2026-07-08T22:35,,,,
A02145,1784,job_board,2026-07-08T22:35:07+05:30,True,JB-100849,1887,2026-07-09,rejected,
A02146,480,email,2026-07-08T19:22:16+05:30,True,<cand-00221@mail.gmail.com>,,,,
A02147,1810,job_board,2026-07-08T09:27:12+05:30,True,JB-100850,1888,2026-07-09,rejected,
A02148,1848,careers,2026-07-08T14:15:30+05:30,True,5408,1889,,,
A02149,243,referral,2026-07-08T14:03:03+05:30,True,RF0268,1944,2026-07-15,rejected,
A02150,28,careers,2026-07-09T23:51:27+05:30,False,5409,1892,,,
A02151,132,whatsapp,2026-07-09T16:49:10+05:30,False,919210760167@2026-07-09T16:49,,,,
A02152,164,job_board,2026-07-09T08:52:07+05:30,False,JB-100851,1893,2026-07-10,rejected,
A02153,165,careers,2026-07-09T13:16:36+05:30,False,5410,1894,2026-07-10,hired,2026-07-23
A02154,479,whatsapp,2026-07-09T10:28:57+05:30,False,916873275384@2026-07-09T10:28,1957,2026-07-16,rejected,
A02155,615,email,2026-07-09T13:12:45+05:30,False,<cand-00222@mail.gmail.com>,,,,
A02156,940,whatsapp,2026-07-09T14:21:36+05:30,False,919906005111@2026-07-09T14:21,,,,
A02157,1133,careers,2026-07-09T19:08:16+05:30,False,5411,1895,2026-07-10,shortlisted,2026-07-20
A02158,1354,email,2026-07-09T10:53:52+05:30,False,<cand-00223@mail.gmail.com>,2014,,,
A02159,1500,careers,2026-07-09T09:35:21+05:30,False,5412,1896,,,
A02160,1596,job_board,2026-07-09T10:46:04+05:30,False,JB-100852,1897,2026-07-10,rejected,
A02161,456,email,2026-07-09T23:03:16+05:30,True,<cand-00224@mail.gmail.com>,,,,
A02162,1644,whatsapp,2026-07-09T11:30:47+05:30,True,919156776651@2026-07-09T11:30,1910,2026-07-13,rejected_after_call,2026-07-21
A02163,1822,referral,2026-07-09T12:49:47+05:30,True,RF0269,1934,2026-07-14,rejected,
W0033,1665,walk_in,2026-07-09T22:00:11+05:30,True,,1880,,,
A02165,401,job_board,2026-07-10T20:45:59+05:30,False,JB-100853,1901,2026-07-14,shortlisted,2026-07-26
A02166,496,job_board,2026-07-10T14:22:53+05:30,False,JB-100854,1902,2026-07-14,rejected,
A02167,616,job_board,2026-07-10T20:29:57+05:30,False,JB-100855,1903,2026-07-14,rejected,
A02168,1367,job_board,2026-07-10T10:48:24+05:30,False,JB-100856,1904,,,
A02169,350,email,2026-07-10T17:08:30+05:30,True,<cand-00225@mail.gmail.com>,1982,,,
A02170,607,job_board,2026-07-10T14:57:36+05:30,True,JB-100857,1905,2026-07-14,rejected,
A02171,659,job_board,2026-07-10T14:41:20+05:30,True,JB-100858,1906,2026-07-14,rejected,
A02172,723,email,2026-07-11T10:07:27+05:30,False,<cand-00226@mail.gmail.com>,,,,
A02173,876,careers,2026-07-11T09:28:31+05:30,False,5413,1911,2026-07-13,rejected,
A02174,1091,careers,2026-07-11T10:01:38+05:30,False,5414,1912,2026-07-13,rejected_after_call,2026-07-19
A02175,1879,job_board,2026-07-11T08:36:08+05:30,False,JB-100859,1913,2026-07-14,rejected,
A02176,1885,job_board,2026-07-11T09:46:50+05:30,False,JB-100860,1914,2026-07-14,rejected,
A02177,730,whatsapp,2026-07-11T21:53:51+05:30,True,916423989297@2026-07-11T21:53,1983,2026-07-20,rejected,
A02178,1797,job_board,2026-07-11T09:54:12+05:30,True,JB-100861,1915,,,
A02179,195,job_board,2026-07-12T19:47:01+05:30,False,JB-100862,1917,2026-07-13,rejected,
A02180,311,whatsapp,2026-07-12T20:23:50+05:30,False,918406802523@2026-07-12T20:23,,,,
A02181,367,careers,2026-07-12T15:09:09+05:30,False,5415,1918,2026-07-13,rejected,
A02182,521,referral,2026-07-12T19:15:34+05:30,False,RF0270,1958,2026-07-16,rejected,
A02183,567,job_board,2026-07-12T22:24:14+05:30,False,JB-100863,1919,2026-07-13,rejected,
A02184,766,job_board,2026-07-12T10:44:44+05:30,False,JB-100864,1920,2026-07-13,rejected_after_call,2026-07-19
A02185,893,careers,2026-07-12T18:25:29+05:30,False,5416,1921,2026-07-13,rejected,
A02186,1206,whatsapp,2026-07-12T11:06:49+05:30,False,918230856272@2026-07-12T11:06,1922,2026-07-13,rejected,
A02187,1259,job_board,2026-07-12T23:43:15+05:30,False,JB-100865,1923,2026-07-13,rejected_after_call,2026-07-15
A02188,1378,job_board,2026-07-12T12:24:10+05:30,False,JB-100866,1924,,,
A02189,1619,job_board,2026-07-12T21:00:10+05:30,False,JB-100867,1925,2026-07-13,rejected,
A02190,1912,job_board,2026-07-12T09:18:51+05:30,False,JB-100868,1926,2026-07-13,rejected,
A02191,112,whatsapp,2026-07-12T09:42:55+05:30,True,919171150090@2026-07-12T09:42,2025,2026-07-22,rejected,
A02192,273,email,2026-07-12T15:55:41+05:30,True,<cand-00227@mail.gmail.com>,1916,2026-07-14,rejected,
A02193,985,careers,2026-07-12T20:36:16+05:30,True,5417,1927,2026-07-13,rejected,
A02194,301,whatsapp,2026-07-12T09:54:56+05:30,True,919979952387@2026-07-12T09:54,,,,
A02195,1935,job_board,2026-07-12T14:42:47+05:30,True,JB-100869,1928,2026-07-13,rejected,
A02196,1760,careers,2026-07-12T14:56:28+05:30,True,5418,1929,,,
A02197,1544,whatsapp,2026-07-12T11:25:22+05:30,True,918537927264@2026-07-12T11:25,,,,
A02198,921,job_board,2026-07-12T15:12:12+05:30,True,JB-100870,1930,2026-07-13,rejected,
A02199,647,careers,2026-07-12T12:45:58+05:30,True,5419,1931,2026-07-13,rejected,
A02200,714,referral,2026-07-12T11:06:29+05:30,True,RF0271,1984,2026-07-20,rejected,
A02201,21,job_board,2026-07-13T23:49:02+05:30,False,JB-100871,1935,2026-07-14,rejected,
A02202,122,email,2026-07-13T14:45:26+05:30,False,<cand-00228@mail.gmail.com>,1932,2026-07-13,rejected,
A02203,197,referral,2026-07-13T22:34:53+05:30,False,RF0272,,,,
A02204,213,careers,2026-07-13T19:51:54+05:30,False,5420,1936,2026-07-14,rejected,
A02205,1294,whatsapp,2026-07-13T14:35:07+05:30,False,919638500427@2026-07-13T14:35,,,,
A02206,1368,whatsapp,2026-07-13T17:55:29+05:30,False,916496291103@2026-07-13T17:55,,,,
A02207,1371,job_board,2026-07-13T11:41:35+05:30,False,JB-100872,1937,2026-07-14,rejected,
A02208,1562,referral,2026-07-13T19:22:19+05:30,False,RF0273,2051,,,
A02209,1709,careers,2026-07-13T15:04:44+05:30,False,5421,1938,2026-07-14,rejected,
A02210,459,referral,2026-07-13T16:42:22+05:30,True,RF0274,,,,
A02211,527,job_board,2026-07-13T12:19:08+05:30,True,JB-100873,1939,2026-07-14,rejected,
A02212,1265,job_board,2026-07-13T21:07:46+05:30,True,JB-100874,1940,2026-07-14,rejected,
A02213,324,job_board,2026-07-13T13:39:49+05:30,True,JB-100875,1941,2026-07-14,rejected,
A02214,967,careers,2026-07-13T14:34:53+05:30,True,5422,1942,,,
A02215,176,whatsapp,2026-07-13T18:35:14+05:30,True,917522911605@2026-07-13T18:35,1985,,,
A02216,352,email,2026-07-14T12:30:53+05:30,False,<cand-00229@mail.gmail.com>,1972,2026-07-17,hired,2026-07-22
A02217,577,job_board,2026-07-14T11:31:07+05:30,False,JB-100876,1945,2026-07-15,rejected,
A02218,846,job_board,2026-07-14T17:19:36+05:30,False,JB-100877,1946,2026-07-15,rejected,
A02219,886,job_board,2026-07-14T11:06:04+05:30,False,JB-100878,1947,2026-07-15,rejected,
A02220,1219,job_board,2026-07-14T09:27:14+05:30,True,JB-100879,1948,,,
A02221,1669,job_board,2026-07-14T19:05:48+05:30,True,JB-100880,1949,2026-07-15,rejected,
A02222,1688,job_board,2026-07-14T17:32:06+05:30,True,JB-100881,1950,2026-07-15,shortlisted,2026-07-23
A02223,867,referral,2026-07-14T11:29:39+05:30,True,RF0275,1951,2026-07-15,shortlisted,2026-07-31
A02224,428,whatsapp,2026-07-14T18:46:21+05:30,True,919376537983@2026-07-14T18:46,2015,2026-07-21,rejected,
A02225,875,whatsapp,2026-07-14T09:10:10+05:30,True,918509511063@2026-07-14T09:10,2064,2026-07-27,rejected,
A02226,748,job_board,2026-07-14T18:10:40+05:30,True,JB-100882,1952,,,
A02227,501,job_board,2026-07-14T14:19:45+05:30,True,JB-100883,1953,2026-07-15,rejected,
A02228,278,whatsapp,2026-07-14T17:23:37+05:30,True,919895845431@2026-07-14T17:23,1997,2026-07-20,rejected,
A02229,488,walk_in,2026-07-14T20:21:36+05:30,True,,2026,2026-07-22,rejected,
A02230,471,job_board,2026-07-14T14:16:56+05:30,True,JB-100884,1954,2026-07-15,rejected,
A02231,296,job_board,2026-07-15T19:39:54+05:30,False,JB-100885,1959,2026-07-16,rejected,
A02232,571,job_board,2026-07-15T10:15:39+05:30,False,JB-100886,1960,,,
A02233,1284,job_board,2026-07-15T11:04:20+05:30,False,JB-100887,1961,,,
A02234,1345,job_board,2026-07-15T10:03:44+05:30,False,JB-100888,1962,2026-07-16,rejected,
A02235,1363,job_board,2026-07-15T10:00:09+05:30,False,JB-100889,1963,2026-07-16,rejected,
A02236,1386,whatsapp,2026-07-15T21:55:15+05:30,False,916793054319@2026-07-15T21:55,2027,,,
A02237,1515,referral,2026-07-15T08:08:52+05:30,False,RF0276,2028,2026-07-22,rejected,
A02238,1783,careers,2026-07-15T18:31:00+05:30,False,5423,1964,2026-07-16,rejected,
A02239,1086,email,2026-07-15T15:50:17+05:30,True,<cand-00230@mail.gmail.com>,,,,
A02240,1485,job_board,2026-07-15T20:54:38+05:30,True,JB-100890,1965,2026-07-16,rejected,
A02241,1233,job_board,2026-07-15T09:20:29+05:30,True,JB-100891,1966,2026-07-16,rejected,
A02242,321,referral,2026-07-15T10:30:22+05:30,True,RF0277,,,,
A02243,1295,job_board,2026-07-15T23:17:21+05:30,True,JB-100892,1967,,,
A02244,241,job_board,2026-07-15T23:33:49+05:30,True,JB-100893,1968,,,
A02245,235,job_board,2026-07-16T11:52:31+05:30,False,JB-100894,1973,2026-07-17,rejected_after_call,2026-07-28
A02246,452,job_board,2026-07-16T17:35:51+05:30,False,JB-100895,1974,2026-07-17,rejected,
A02247,455,whatsapp,2026-07-16T13:35:25+05:30,False,916510101669@2026-07-16T13:35,2089,2026-07-28,shortlisted,2026-08-07
A02248,537,careers,2026-07-16T22:43:44+05:30,False,5424,1975,,,
A02249,660,whatsapp,2026-07-16T21:04:57+05:30,False,917830104218@2026-07-16T21:04,,,,
A02250,722,email,2026-07-16T22:30:17+05:30,False,<cand-00231@mail.gmail.com>,,,,
A02251,753,careers,2026-07-16T15:46:38+05:30,False,5425,1976,2026-07-17,rejected_after_call,2026-07-28
A02252,969,referral,2026-07-16T18:45:27+05:30,False,RF0278,,,,
A02253,1102,referral,2026-07-16T10:56:04+05:30,False,RF0279,2029,,,
A02254,1309,whatsapp,2026-07-16T13:56:23+05:30,False,918306130889@2026-07-16T13:56,1969,2026-07-16,rejected,
A02255,1426,job_board,2026-07-16T17:26:39+05:30,False,JB-100896,1977,2026-07-17,shortlisted,2026-07-27
A02256,1824,careers,2026-07-16T10:02:45+05:30,False,5426,1978,2026-07-17,rejected,
A02257,1096,whatsapp,2026-07-16T19:41:14+05:30,True,919168538673@2026-07-16T19:41,,,,
A02258,1571,whatsapp,2026-07-16T15:40:49+05:30,True,917321955585@2026-07-16T15:40,2012,,,
A02259,1074,whatsapp,2026-07-16T14:09:45+05:30,True,917882116660@2026-07-16T14:09,1979,2026-07-17,rejected,
A02260,1249,referral,2026-07-16T22:00:16+05:30,True,RF0280,1970,2026-07-16,rejected,
A02261,1189,job_board,2026-07-16T15:06:54+05:30,True,JB-100897,1980,2026-07-17,rejected,
A02262,1717,referral,2026-07-16T18:37:58+05:30,True,RF0281,1998,2026-07-20,rejected_after_call,2026-07-28
A02263,1303,job_board,2026-07-16T20:50:08+05:30,True,JB-100898,1981,2026-07-17,rejected,
W0034,1696,walk_in,2026-07-16T16:17:02+05:30,True,,1955,2026-07-16,rejected,
A02265,566,job_board,2026-07-17T14:31:25+05:30,False,JB-100899,1986,2026-07-20,rejected,
A02266,787,job_board,2026-07-17T23:02:05+05:30,False,JB-100900,1987,2026-07-20,rejected_after_call,2026-08-02
A02267,805,referral,2026-07-17T14:58:49+05:30,False,RF0282,2074,2026-07-27,rejected,
A02268,879,careers,2026-07-17T13:26:01+05:30,False,5427,1988,,,
A02269,1325,email,2026-07-17T16:28:10+05:30,False,<cand-00232@mail.gmail.com>,1989,,,
A02270,1365,careers,2026-07-17T19:56:23+05:30,False,5428,1990,2026-07-20,rejected,
A02271,1657,job_board,2026-07-17T23:22:47+05:30,False,JB-100901,1991,2026-07-20,rejected,
A02272,1847,careers,2026-07-17T22:08:13+05:30,False,5429,1992,,,
A02273,1873,job_board,2026-07-17T09:23:21+05:30,False,JB-100902,1993,2026-07-21,rejected,
A02274,1921,job_board,2026-07-17T20:20:07+05:30,False,JB-100903,1994,2026-07-21,rejected,
A02275,55,referral,2026-07-17T23:11:34+05:30,True,RF0283,,,,
A02276,1195,referral,2026-07-17T20:31:59+05:30,True,RF0284,,,,
A02277,413,careers,2026-07-17T08:24:14+05:30,True,5430,1995,2026-07-21,rejected,
A02278,1213,email,2026-07-17T17:59:01+05:30,True,<cand-00233@mail.gmail.com>,1996,2026-07-21,hired,2026-07-30
A02279,74,job_board,2026-07-18T19:16:14+05:30,False,JB-100904,1999,2026-07-20,shortlisted,2026-08-05
A02280,240,job_board,2026-07-18T11:35:16+05:30,False,JB-100905,2000,2026-07-20,rejected,
A02281,266,careers,2026-07-18T09:44:27+05:30,False,5431,2001,2026-07-20,rejected,
A02282,361,referral,2026-07-18T18:20:53+05:30,False,RF0285,2030,2026-07-22,rejected,
A02283,600,job_board,2026-07-18T11:22:08+05:30,False,JB-100906,2002,2026-07-20,hired,2026-07-26
A02284,641,careers,2026-07-18T15:54:56+05:30,False,5432,2003,,,
A02285,752,careers,2026-07-18T08:57:18+05:30,False,5433,2004,2026-07-20,shortlisted,2026-08-05
A02286,903,job_board,2026-07-18T20:09:59+05:30,False,JB-100907,2005,2026-07-20,shortlisted,2026-07-29
A02287,1567,email,2026-07-18T22:02:22+05:30,False,<cand-00234@mail.gmail.com>,2006,2026-07-20,shortlisted,2026-07-27
A02288,1666,whatsapp,2026-07-18T16:09:41+05:30,False,917588727154@2026-07-18T16:09,2105,2026-07-29,rejected,
A02289,1790,job_board,2026-07-18T14:00:17+05:30,False,JB-100908,2007,,,
A02290,777,whatsapp,2026-07-18T21:33:53+05:30,True,917540960127@2026-07-18T21:33,2090,2026-07-28,rejected,
A02291,1058,job_board,2026-07-18T20:26:01+05:30,True,JB-100909,2008,,,
A02292,540,job_board,2026-07-18T11:39:12+05:30,True,JB-100910,2009,2026-07-20,rejected,
A02293,1889,referral,2026-07-18T22:36:23+05:30,True,RF0286,2031,2026-07-22,rejected,
A02294,1066,careers,2026-07-18T22:06:37+05:30,True,5434,2010,2026-07-20,rejected,
A02295,93,job_board,2026-07-18T11:15:32+05:30,True,JB-100911,2011,2026-07-20,rejected,
A02296,1252,careers,2026-07-19T10:48:48+05:30,False,5435,2013,2026-07-20,rejected,
A02297,1315,referral,2026-07-19T11:39:59+05:30,False,RF0287,,,,
A02298,745,referral,2026-07-19T19:15:07+05:30,True,RF0288,,,,
A02299,1801,whatsapp,2026-07-19T16:04:41+05:30,True,917111703459@2026-07-19T16:04,,,,
A02300,1903,referral,2026-07-19T13:35:45+05:30,True,RF0289,2065,2026-07-27,rejected,
A02301,40,careers,2026-07-20T17:24:37+05:30,False,5436,2016,,,
A02302,276,whatsapp,2026-07-20T16:34:32+05:30,False,917656533211@2026-07-20T16:34,,,,
A02303,346,careers,2026-07-20T19:59:04+05:30,False,5437,2017,,,
A02304,706,job_board,2026-07-20T11:04:52+05:30,False,JB-100912,2018,2026-07-21,rejected,
A02305,1045,referral,2026-07-20T19:22:37+05:30,False,RF0290,2091,2026-07-28,rejected,
A02306,1372,job_board,2026-07-20T09:14:56+05:30,False,JB-100913,2019,2026-07-21,rejected,
A02307,1507,whatsapp,2026-07-20T09:59:56+05:30,False,916161973218@2026-07-20T09:59,2092,2026-07-28,rejected,
A02308,1637,job_board,2026-07-20T22:57:12+05:30,False,JB-100914,2020,2026-07-21,rejected_after_call,2026-08-02
A02309,1832,whatsapp,2026-07-20T18:19:14+05:30,False,916591608061@2026-07-20T18:19,2075,,,
A02310,1183,job_board,2026-07-20T19:05:10+05:30,True,JB-100915,2021,2026-07-21,rejected,
A02311,1351,job_board,2026-07-20T20:43:59+05:30,True,JB-100916,2022,2026-07-21,rejected,
A02312,1420,job_board,2026-07-20T13:47:02+05:30,True,JB-100917,2023,2026-07-21,rejected,
A02313,580,job_board,2026-07-20T17:18:04+05:30,True,JB-100918,2024,2026-07-21,rejected,
A02314,304,job_board,2026-07-21T22:41:26+05:30,False,JB-100919,2032,2026-07-22,rejected,
A02315,677,job_board,2026-07-21T13:40:11+05:30,False,JB-100920,2033,2026-07-22,rejected,
A02316,689,job_board,2026-07-21T12:50:36+05:30,False,JB-100921,2034,2026-07-22,rejected,
A02317,733,careers,2026-07-21T10:43:27+05:30,False,5438,2035,2026-07-22,rejected,
A02318,764,referral,2026-07-21T11:23:31+05:30,False,RF0291,2081,2026-07-27,rejected,
A02319,1448,job_board,2026-07-21T19:57:57+05:30,False,JB-100922,2036,,,
A02320,1673,job_board,2026-07-21T20:27:48+05:30,False,JB-100923,2037,,,
A02321,632,job_board,2026-07-21T11:21:24+05:30,True,JB-100924,2038,2026-07-22,shortlisted,2026-07-30
A02322,634,job_board,2026-07-21T15:15:50+05:30,True,JB-100925,2039,2026-07-22,rejected,
A02323,1872,whatsapp,2026-07-21T10:42:56+05:30,True,916231551387@2026-07-21T10:42,2052,2026-07-24,rejected,
A02324,583,careers,2026-07-21T13:57:50+05:30,True,5439,2040,2026-07-22,shortlisted,2026-07-31
A02325,1143,whatsapp,2026-07-21T18:54:46+05:30,True,919747232137@2026-07-21T18:54,2042,,,
A02326,478,careers,2026-07-22T19:03:15+05:30,False,5440,2043,2026-07-23,rejected,
A02327,774,referral,2026-07-22T16:26:47+05:30,False,RF0292,,,,
A02328,834,email,2026-07-22T09:57:08+05:30,False,<cand-00235@mail.gmail.com>,2118,2026-07-30,rejected_after_call,2026-08-03
A02329,942,job_board,2026-07-22T15:03:56+05:30,False,JB-100926,2044,2026-07-23,rejected,
A02330,1667,careers,2026-07-22T23:20:31+05:30,False,5441,2045,2026-07-23,rejected,
A02331,1946,whatsapp,2026-07-22T12:53:12+05:30,False,916729940409@2026-07-22T12:53,2082,2026-07-27,rejected_after_call,2026-08-09
A02332,37,careers,2026-07-22T10:38:03+05:30,True,5442,2046,2026-07-23,rejected,
A02333,1502,job_board,2026-07-22T16:56:05+05:30,True,JB-100927,2047,2026-07-23,shortlisted,2026-07-27
A02334,1432,careers,2026-07-22T16:45:15+05:30,True,5443,2048,2026-07-23,rejected_after_call,2026-08-07
A02335,1631,whatsapp,2026-07-22T15:02:14+05:30,True,917336833755@2026-07-22T15:02,,,,
A02336,961,email,2026-07-22T08:50:03+05:30,True,<cand-00236@mail.gmail.com>,2083,2026-07-27,rejected,
A02337,330,job_board,2026-07-22T13:07:50+05:30,True,JB-100928,2049,2026-07-23,rejected_after_call,2026-07-31
A02338,61,referral,2026-07-23T08:18:57+05:30,False,RF0293,2128,2026-07-31,rejected,
A02339,142,job_board,2026-07-23T12:28:24+05:30,False,JB-100929,2053,2026-07-24,shortlisted,2026-08-08
A02340,272,careers,2026-07-23T09:24:37+05:30,False,5444,2054,,,
A02341,379,job_board,2026-07-23T20:53:55+05:30,False,JB-100930,2055,,,
A02342,534,job_board,2026-07-23T22:30:21+05:30,False,JB-100931,2056,2026-07-24,rejected,
A02343,663,whatsapp,2026-07-23T22:48:47+05:30,False,918541309100@2026-07-23T22:48,2106,,,
A02344,866,careers,2026-07-23T16:10:48+05:30,False,5445,2057,2026-07-24,rejected,
A02345,1257,referral,2026-07-23T19:53:14+05:30,False,RF0294,2146,2026-08-03,rejected,
A02346,1398,email,2026-07-23T18:21:16+05:30,False,<cand-00237@mail.gmail.com>,2093,2026-07-28,shortlisted,2026-08-06
A02347,1429,job_board,2026-07-23T11:07:07+05:30,False,JB-100932,2058,2026-07-24,shortlisted,2026-08-08
A02348,408,email,2026-07-23T12:19:16+05:30,True,<cand-00238@mail.gmail.com>,2050,2026-07-23,rejected,
A02349,646,referral,2026-07-23T20:21:06+05:30,True,RF0295,2094,2026-07-28,rejected,
A02350,604,job_board,2026-07-23T20:40:01+05:30,True,JB-100933,2059,2026-07-24,rejected,
A02351,1139,job_board,2026-07-23T16:06:12+05:30,True,JB-100934,2061,,,
A02352,536,careers,2026-07-23T11:19:01+05:30,True,5446,2062,2026-07-24,rejected_after_call,2026-08-01
A02353,392,whatsapp,2026-07-23T12:31:52+05:30,True,916454566243@2026-07-23T12:31,2066,2026-07-27,rejected,
A02354,1121,job_board,2026-07-23T08:26:07+05:30,True,JB-100935,2063,2026-07-24,rejected,
W0035,776,walk_in,2026-07-23T20:49:52+05:30,True,,2041,2026-07-23,rejected_after_call,2026-08-02
A02356,22,careers,2026-07-24T20:35:33+05:30,False,5447,2067,2026-07-27,rejected,
A02357,182,referral,2026-07-24T16:27:20+05:30,False,RF0296,2107,2026-07-29,rejected,
A02358,465,job_board,2026-07-24T14:42:51+05:30,False,JB-100936,2068,2026-07-27,rejected,
A02359,497,careers,2026-07-24T23:30:15+05:30,False,5448,2069,,,
A02360,691,referral,2026-07-24T14:11:30+05:30,False,RF0297,,,,
A02361,768,email,2026-07-24T14:42:57+05:30,False,<cand-00239@mail.gmail.com>,,,,
A02362,1119,email,2026-07-24T23:11:49+05:30,False,<cand-00240@mail.gmail.com>,2095,2026-07-28,rejected,
A02363,1281,whatsapp,2026-07-24T17:50:41+05:30,False,917514954139@2026-07-24T17:50,2119,2026-07-30,rejected,
A02364,891,job_board,2026-07-24T22:39:16+05:30,True,JB-100937,2070,,,
A02365,1347,careers,2026-07-24T10:07:20+05:30,True,5449,2071,2026-07-28,rejected,
A02366,1504,job_board,2026-07-24T20:39:10+05:30,True,JB-100938,2072,2026-07-28,rejected_after_call,2026-08-06
A02367,1108,job_board,2026-07-24T11:39:58+05:30,True,JB-100939,2073,2026-07-28,shortlisted,2026-08-07
A02368,703,whatsapp,2026-07-25T22:42:14+05:30,False,916678682967@2026-07-25T22:42,,,,
A02369,728,job_board,2026-07-25T09:28:11+05:30,False,JB-100940,2076,2026-07-27,shortlisted,2026-07-31
A02370,1674,careers,2026-07-25T22:26:15+05:30,False,5450,2077,2026-07-27,rejected,
A02371,1675,referral,2026-07-25T11:15:17+05:30,False,RF0298,,,,
A02372,1791,whatsapp,2026-07-25T12:19:45+05:30,False,917117039228@2026-07-25T12:19,2078,2026-07-27,shortlisted,2026-08-11
A02373,1088,job_board,2026-07-25T11:06:18+05:30,True,JB-100941,2079,2026-07-27,rejected,
A02374,1141,careers,2026-07-25T15:50:00+05:30,True,5451,2080,2026-07-27,rejected,
A02375,590,job_board,2026-07-26T08:06:57+05:30,False,JB-100942,2084,2026-07-27,rejected,
A02376,662,careers,2026-07-26T13:38:07+05:30,False,5452,2085,2026-07-27,shortlisted,2026-08-07
A02377,857,job_board,2026-07-26T20:52:02+05:30,False,JB-100943,2086,2026-07-27,rejected,
A02378,881,referral,2026-07-26T10:35:21+05:30,False,RF0299,2169,,,
A02379,1069,referral,2026-07-26T17:08:10+05:30,False,RF0300,,,,
A02380,1353,careers,2026-07-26T23:17:58+05:30,True,5453,2087,2026-07-27,rejected,
A02381,464,careers,2026-07-27T18:27:42+05:30,False,5454,2096,2026-07-28,hired,2026-08-08
A02382,538,job_board,2026-07-27T21:15:07+05:30,False,JB-100944,2097,2026-07-28,shortlisted,2026-08-10
A02383,713,job_board,2026-07-27T21:16:39+05:30,False,JB-100945,2098,2026-07-28,hired,2026-07-31
A02384,725,referral,2026-07-27T10:00:23+05:30,False,RF0301,2205,,,
A02385,784,job_board,2026-07-27T16:17:50+05:30,False,JB-100946,2099,2026-07-28,rejected,
A02386,1085,whatsapp,2026-07-27T20:13:55+05:30,False,917569796429@2026-07-27T20:13,,,,
A02387,1606,careers,2026-07-27T18:54:05+05:30,False,5455,2100,2026-07-28,rejected,
A02388,1743,email,2026-07-27T09:35:45+05:30,False,<cand-00241@mail.gmail.com>,2088,2026-07-27,rejected,
A02389,1712,email,2026-07-27T19:10:53+05:30,True,<cand-00242@mail.gmail.com>,,,,
A02390,512,job_board,2026-07-27T16:26:42+05:30,True,JB-100947,2101,2026-07-28,rejected,
A02391,1663,careers,2026-07-27T16:15:25+05:30,True,5456,2102,2026-07-28,rejected,
A02392,1450,email,2026-07-27T15:42:00+05:30,True,<cand-00243@mail.gmail.com>,,,,
A02393,1838,whatsapp,2026-07-27T13:10:03+05:30,True,919578521769@2026-07-27T13:10,2103,2026-07-28,rejected_after_call,2026-08-01
A02394,1331,job_board,2026-07-27T15:00:50+05:30,True,JB-100948,2104,2026-07-28,hired,2026-08-03
A02395,358,careers,2026-07-28T19:07:20+05:30,False,5457,2108,2026-07-29,rejected,
A02396,431,job_board,2026-07-28T16:01:17+05:30,False,JB-100949,2109,,,
A02397,494,email,2026-07-28T16:36:43+05:30,False,<cand-00244@mail.gmail.com>,2147,2026-08-03,rejected,
A02398,528,email,2026-07-28T11:46:31+05:30,False,<cand-00245@mail.gmail.com>,,,,
A02399,726,whatsapp,2026-07-28T11:19:36+05:30,False,919595448961@2026-07-28T11:19,2110,2026-07-29,shortlisted,2026-08-05
A02400,911,referral,2026-07-28T08:51:43+05:30,False,RF0302,2224,2026-08-10,rejected,
A02401,1554,careers,2026-07-28T19:28:38+05:30,False,5458,2111,2026-07-29,rejected,
A02402,1607,job_board,2026-07-28T09:25:06+05:30,False,JB-100950,2112,2026-07-29,rejected,
A02403,1748,careers,2026-07-28T20:21:56+05:30,False,5459,2113,,,
A02404,1894,job_board,2026-07-28T17:19:14+05:30,False,JB-100951,2114,2026-07-29,rejected,
A02405,1478,job_board,2026-07-28T15:30:39+05:30,True,JB-100952,2115,,,
A02406,368,job_board,2026-07-28T20:02:42+05:30,True,JB-100953,2116,,,
A02407,812,email,2026-07-28T17:38:59+05:30,True,<cand-00246@mail.gmail.com>,2188,2026-08-06,rejected,
A02408,226,job_board,2026-07-29T10:54:10+05:30,False,JB-100954,2120,2026-07-30,rejected,
A02409,335,job_board,2026-07-29T13:48:36+05:30,False,JB-100955,2121,,,
A02410,716,referral,2026-07-29T15:51:03+05:30,False,RF0303,2158,,,
A02411,817,whatsapp,2026-07-29T21:11:36+05:30,False,916795150885@2026-07-29T21:11,,,,
A02412,1719,job_board,2026-07-29T20:41:33+05:30,False,JB-100956,2122,2026-07-30,rejected,
A02413,1929,whatsapp,2026-07-29T14:48:38+05:30,False,917263191492@2026-07-29T14:48,2123,2026-07-30,rejected,
A02414,1055,job_board,2026-07-29T18:06:43+05:30,True,JB-100957,2124,2026-07-30,hired,2026-08-02
A02415,1312,referral,2026-07-29T17:29:24+05:30,True,RF0304,2170,2026-08-04,rejected,
A02416,1491,whatsapp,2026-07-29T23:50:55+05:30,True,917882457674@2026-07-29T23:50,2206,2026-08-07,rejected,
A02417,150,careers,2026-07-29T08:41:43+05:30,True,5460,2125,,,
A02418,1769,job_board,2026-07-29T08:01:03+05:30,True,JB-100958,2126,2026-07-30,rejected_after_call,2026-08-06
A02419,1523,whatsapp,2026-07-29T21:18:55+05:30,True,916307054746@2026-07-29T21:18,2159,2026-08-03,rejected,
A02420,975,referral,2026-07-29T11:02:49+05:30,True,RF0305,2160,2026-08-03,rejected,
A02421,1594,whatsapp,2026-07-29T13:00:54+05:30,True,917578495127@2026-07-29T13:00,2183,2026-08-05,rejected,
A02422,1864,careers,2026-07-29T21:31:05+05:30,True,5461,2127,,,
A02423,6,job_board,2026-07-30T16:42:09+05:30,False,JB-100959,2129,2026-07-31,rejected_after_call,2026-08-11
A02424,156,job_board,2026-07-30T08:06:59+05:30,False,JB-100960,2130,,,
A02425,842,email,2026-07-30T18:11:16+05:30,False,<cand-00247@mail.gmail.com>,2142,2026-08-04,rejected,
A02426,932,job_board,2026-07-30T11:14:28+05:30,False,JB-100961,2131,2026-07-31,rejected,
A02427,957,referral,2026-07-30T19:12:05+05:30,False,RF0306,2148,2026-08-03,rejected,
A02428,1001,careers,2026-07-30T18:09:46+05:30,False,5462,2132,,,
A02429,1216,whatsapp,2026-07-30T16:38:07+05:30,False,918146238671@2026-07-30T16:38,2244,,,
A02430,1333,email,2026-07-30T16:17:40+05:30,False,<cand-00248@mail.gmail.com>,2207,2026-08-07,shortlisted,2026-08-21
A02431,1349,careers,2026-07-30T18:18:08+05:30,False,5463,2133,2026-07-31,rejected,
A02432,1564,job_board,2026-07-30T09:45:32+05:30,False,JB-100962,2134,2026-07-31,rejected,
A02433,941,job_board,2026-07-30T13:33:12+05:30,True,JB-100963,2135,2026-07-31,rejected,
A02434,1956,careers,2026-07-30T17:27:01+05:30,True,5464,2136,,,
A02435,943,email,2026-07-30T23:08:55+05:30,True,<cand-00249@mail.gmail.com>,2161,2026-08-03,rejected,
A02436,1378,job_board,2026-07-30T08:41:06+05:30,True,JB-100964,2137,,,
A02437,1418,whatsapp,2026-07-30T21:59:53+05:30,True,919865199139@2026-07-30T21:59,2245,2026-08-10,rejected,
A02438,1549,job_board,2026-07-30T14:03:46+05:30,True,JB-100965,2138,2026-07-31,rejected,
A02439,1509,whatsapp,2026-07-30T14:36:51+05:30,True,916574118704@2026-07-30T14:36,2139,2026-07-31,rejected,
A02440,938,job_board,2026-07-30T21:02:42+05:30,True,JB-100966,2140,2026-07-31,rejected,
W0036,520,walk_in,2026-07-30T22:36:15+05:30,True,,2117,2026-07-30,shortlisted,2026-08-07
A02442,20,whatsapp,2026-07-31T11:19:07+05:30,False,919377338333@2026-07-31T11:19,2141,2026-07-31,rejected,
A02443,332,job_board,2026-07-31T21:04:39+05:30,False,JB-100967,2143,2026-08-04,rejected_after_call,2026-08-15
A02444,924,email,2026-07-31T15:10:26+05:30,False,<cand-00250@mail.gmail.com>,2246,,,
A02445,1053,email,2026-07-31T11:33:53+05:30,False,<cand-00251@mail.gmail.com>,,,,
A02446,1221,referral,2026-07-31T16:27:14+05:30,False,RF0307,2208,2026-08-07,shortlisted,2026-08-21
A02447,1659,whatsapp,2026-07-31T21:19:40+05:30,False,917836682053@2026-07-31T21:19,2260,2026-08-11,rejected,
A02448,1915,job_board,2026-07-31T18:16:30+05:30,False,JB-100968,2144,2026-08-04,shortlisted,2026-08-11
A02449,1932,referral,2026-07-31T13:04:39+05:30,True,RF0308,2162,2026-08-03,rejected,
A02450,645,careers,2026-07-31T19:42:14+05:30,True,5465,2145,2026-08-04,rejected,
A02451,97,job_board,2026-08-01T13:54:07+05:30,False,JB-100969,2149,,,
A02452,382,careers,2026-08-01T14:24:23+05:30,False,5466,2150,2026-08-03,rejected,
A02453,619,whatsapp,2026-08-01T11:55:32+05:30,False,916954580058@2026-08-01T11:55,,,,
A02454,743,referral,2026-08-01T09:53:39+05:30,False,RF0309,2189,2026-08-06,shortlisted,2026-08-19
A02455,1114,job_board,2026-08-01T12:20:15+05:30,False,JB-100970,2151,2026-08-03,hired,2026-08-14
A02456,1293,careers,2026-08-01T22:18:34+05:30,False,5467,2152,2026-08-03,shortlisted,2026-08-11
A02457,1350,job_board,2026-08-01T12:47:28+05:30,False,JB-100971,2153,2026-08-03,rejected,
A02458,1400,job_board,2026-08-01T18:21:13+05:30,False,JB-100972,2154,2026-08-03,rejected,
A02459,1411,job_board,2026-08-01T21:08:40+05:30,False,JB-100973,2155,2026-08-03,rejected,
A02460,1461,whatsapp,2026-08-01T09:51:52+05:30,False,916140532455@2026-08-01T09:51,2261,2026-08-11,shortlisted,2026-08-22
A02461,1892,email,2026-08-01T21:00:36+05:30,False,<cand-00252@mail.gmail.com>,2225,2026-08-11,rejected,
A02462,1023,whatsapp,2026-08-01T15:34:38+05:30,True,918045684582@2026-08-01T15:34,2209,2026-08-07,rejected,
A02463,1430,careers,2026-08-01T20:52:17+05:30,True,5468,2156,2026-08-03,hired,2026-08-08
A02464,1655,job_board,2026-08-01T10:26:54+05:30,True,JB-100974,2157,2026-08-03,shortlisted,2026-08-15
A02465,1229,referral,2026-08-01T21:39:35+05:30,True,RF0310,2286,,,
A02466,42,job_board,2026-08-02T11:56:02+05:30,False,JB-100975,2163,2026-08-03,rejected,
A02467,67,whatsapp,2026-08-02T11:46:37+05:30,False,918139005276@2026-08-02T11:46,2171,2026-08-04,rejected,
A02468,103,whatsapp,2026-08-02T13:25:36+05:30,False,919390799340@2026-08-02T13:25,,,,
A02469,403,job_board,2026-08-02T15:52:49+05:30,False,JB-100976,2164,2026-08-03,rejected,
A02470,572,whatsapp,2026-08-02T15:06:20+05:30,False,917924001507@2026-08-02T15:06,2302,2026-08-14,rejected,
A02471,968,referral,2026-08-02T19:04:44+05:30,False,RF0311,2247,2026-08-10,rejected,
A02472,1352,referral,2026-08-02T08:45:12+05:30,False,RF0312,2262,,,
A02473,1800,job_board,2026-08-02T21:47:31+05:30,False,JB-100977,2165,2026-08-03,rejected,
A02474,1857,whatsapp,2026-08-02T19:54:58+05:30,False,917982181517@2026-08-02T19:54,2166,,,
A02475,915,whatsapp,2026-08-02T13:41:36+05:30,True,916232197486@2026-08-02T13:41,2190,2026-08-06,rejected,
A02476,1449,job_board,2026-08-02T19:42:21+05:30,True,JB-100978,2167,,,
A02477,901,job_board,2026-08-02T23:57:51+05:30,True,JB-100979,2168,2026-08-03,rejected,
A02478,394,job_board,2026-08-03T20:45:14+05:30,False,JB-100980,2172,2026-08-04,rejected,
A02479,457,whatsapp,2026-08-03T20:33:17+05:30,False,919340457056@2026-08-03T20:33,,,,
A02480,756,careers,2026-08-03T10:04:49+05:30,False,5469,2173,2026-08-04,rejected,
A02481,863,whatsapp,2026-08-03T13:45:59+05:30,False,919600174599@2026-08-03T13:45,2303,2026-08-14,rejected_after_call,2026-08-25
A02482,992,job_board,2026-08-03T14:43:27+05:30,False,JB-100981,2174,2026-08-04,rejected,
A02483,1148,job_board,2026-08-03T13:44:22+05:30,False,JB-100982,2175,2026-08-04,rejected,
A02484,1316,careers,2026-08-03T13:00:18+05:30,False,5470,2176,,,
A02485,1337,job_board,2026-08-03T10:16:38+05:30,False,JB-100983,2177,2026-08-04,rejected,
A02486,1546,job_board,2026-08-03T08:55:17+05:30,False,JB-100984,2178,2026-08-04,shortlisted,2026-08-06
A02487,1703,careers,2026-08-03T13:57:48+05:30,False,5471,2179,2026-08-04,rejected,
A02488,1846,referral,2026-08-03T19:45:28+05:30,False,RF0313,,,,
A02489,1759,whatsapp,2026-08-03T12:27:52+05:30,True,916038507233@2026-08-03T12:27,2210,2026-08-07,rejected,
A02490,643,job_board,2026-08-03T22:54:08+05:30,True,JB-100985,2180,,,
A02491,421,whatsapp,2026-08-03T11:09:14+05:30,True,919019688810@2026-08-03T11:09,2181,,,
A02492,1375,careers,2026-08-03T21:06:19+05:30,True,5472,2182,2026-08-04,rejected,
A02493,468,job_board,2026-08-04T18:48:39+05:30,False,JB-100986,2184,2026-08-05,rejected,
A02494,609,whatsapp,2026-08-04T14:48:27+05:30,False,917865883792@2026-08-04T14:48,,,,
A02495,1089,referral,2026-08-04T19:06:43+05:30,False,RF0314,2304,2026-08-14,rejected_after_call,2026-08-25
A02496,1610,email,2026-08-04T19:04:50+05:30,False,<cand-00253@mail.gmail.com>,,,,
A02497,1746,job_board,2026-08-04T21:32:12+05:30,False,JB-100987,2185,2026-08-05,rejected,
A02498,1211,careers,2026-08-04T20:28:34+05:30,True,5473,2186,,,
A02499,1224,email,2026-08-04T16:56:08+05:30,True,<cand-00254@mail.gmail.com>,2319,,,
A02500,1814,careers,2026-08-04T21:28:47+05:30,True,5474,2187,2026-08-05,hired,2026-08-10
A02501,135,job_board,2026-08-05T15:55:51+05:30,False,JB-100988,2191,2026-08-06,shortlisted,2026-08-18
A02502,162,referral,2026-08-05T13:50:21+05:30,False,RF0315,2192,2026-08-06,rejected_after_call,2026-08-13
A02503,186,careers,2026-08-05T20:30:00+05:30,False,5475,2193,,,
A02504,370,job_board,2026-08-05T14:15:04+05:30,False,JB-100989,2194,2026-08-06,rejected,
A02505,695,job_board,2026-08-05T20:11:14+05:30,False,JB-100990,2195,2026-08-06,hired,2026-08-09
A02506,1027,job_board,2026-08-05T15:29:41+05:30,False,JB-100991,2196,2026-08-06,rejected,
A02507,1533,job_board,2026-08-05T12:28:40+05:30,False,JB-100992,2197,,,
A02508,1779,careers,2026-08-05T21:39:53+05:30,False,5476,2198,2026-08-06,rejected,
A02509,1931,job_board,2026-08-05T12:25:57+05:30,False,JB-100993,2199,2026-08-06,rejected,
A02510,1578,careers,2026-08-05T12:01:02+05:30,True,5477,2200,2026-08-06,rejected,
A02511,270,whatsapp,2026-08-05T15:59:04+05:30,True,916140304332@2026-08-05T15:59,2235,2026-08-10,rejected,
A02512,1553,referral,2026-08-05T16:53:20+05:30,True,RF0316,2305,2026-08-14,rejected,
A02513,1947,whatsapp,2026-08-05T11:07:01+05:30,True,916515175742@2026-08-05T11:07,2327,2026-08-17,shortlisted,2026-09-02
A02514,944,job_board,2026-08-05T11:35:21+05:30,True,JB-100994,2201,2026-08-06,rejected,
A02515,57,referral,2026-08-05T15:14:24+05:30,True,RF0317,2202,2026-08-06,rejected,
A02516,1704,job_board,2026-08-05T11:22:39+05:30,True,JB-100995,2203,2026-08-06,shortlisted,2026-08-09
A02517,63,job_board,2026-08-05T13:43:52+05:30,True,JB-100996,2204,2026-08-06,rejected,
A02518,72,job_board,2026-08-06T13:08:51+05:30,False,JB-100997,2211,,,
A02519,192,job_board,2026-08-06T23:49:38+05:30,False,JB-100998,2212,2026-08-07,rejected,
A02520,280,job_board,2026-08-06T21:28:32+05:30,False,JB-100999,2213,2026-08-07,rejected,
A02521,450,careers,2026-08-06T09:19:51+05:30,False,5478,2214,2026-08-07,rejected,
A02522,454,job_board,2026-08-06T14:45:34+05:30,False,JB-101000,2215,2026-08-07,rejected,
A02523,466,job_board,2026-08-06T11:40:32+05:30,False,JB-101001,2216,2026-08-07,rejected,
A02524,560,whatsapp,2026-08-06T09:10:30+05:30,False,917262134724@2026-08-06T09:10,,,,
A02525,667,whatsapp,2026-08-06T13:01:19+05:30,False,919024113190@2026-08-06T13:01,2217,2026-08-07,rejected,
A02526,780,referral,2026-08-06T23:20:12+05:30,False,RF0318,,,,
A02527,998,job_board,2026-08-06T15:28:22+05:30,False,JB-101002,2218,2026-08-07,rejected_after_call,2026-08-20
A02528,1166,careers,2026-08-06T23:14:21+05:30,False,5479,2219,,,
A02529,1425,whatsapp,2026-08-06T16:08:29+05:30,False,916839652298@2026-08-06T16:08,2275,2026-08-12,rejected,
A02530,1560,referral,2026-08-06T08:45:23+05:30,False,RF0319,2220,2026-08-07,rejected,
A02531,1204,careers,2026-08-06T10:19:29+05:30,True,5480,2221,2026-08-07,rejected,
A02532,1484,email,2026-08-06T09:22:34+05:30,True,<cand-00255@mail.gmail.com>,2306,2026-08-14,rejected,
A02533,113,job_board,2026-08-06T13:05:06+05:30,True,JB-101003,2222,2026-08-07,rejected,
A02534,62,email,2026-08-07T08:48:00+05:30,False,<cand-00256@mail.gmail.com>,2263,,,
A02535,172,whatsapp,2026-08-07T23:49:14+05:30,False,916503948327@2026-08-07T23:49,,,,
A02536,208,job_board,2026-08-07T19:17:22+05:30,False,JB-101004,2226,2026-08-11,rejected,
A02537,299,careers,2026-08-07T15:36:18+05:30,False,5481,2227,2026-08-11,rejected,
A02538,424,careers,2026-08-07T10:30:18+05:30,False,5482,2228,2026-08-11,rejected,
A02539,546,referral,2026-08-07T10:05:16+05:30,False,RF0320,2365,2026-08-19,rejected,
A02540,581,whatsapp,2026-08-07T11:12:41+05:30,False,917484094652@2026-08-07T11:12,2223,2026-08-07,rejected,
A02541,675,careers,2026-08-07T20:06:23+05:30,False,5483,2229,2026-08-11,rejected_after_call,2026-08-27
A02542,856,whatsapp,2026-08-07T10:45:55+05:30,False,919898475356@2026-08-07T10:45,2320,2026-08-17,rejected,
A02543,1346,job_board,2026-08-07T21:03:02+05:30,False,JB-101005,2230,,,
A02544,1463,job_board,2026-08-07T20:29:17+05:30,False,JB-101006,2231,2026-08-11,rejected,
A02545,1651,job_board,2026-08-07T13:44:45+05:30,False,JB-101007,2232,2026-08-11,rejected,
A02546,46,whatsapp,2026-08-07T11:30:53+05:30,True,919279691412@2026-08-07T11:30,2366,2026-08-19,shortlisted,2026-09-02
A02547,587,job_board,2026-08-07T20:54:51+05:30,True,JB-101008,2233,,,
A02548,1041,careers,2026-08-07T09:13:27+05:30,True,5484,2234,2026-08-12,rejected,
A02549,205,whatsapp,2026-08-07T19:09:00+05:30,True,918579482011@2026-08-07T19:09,2350,2026-08-18,rejected,
A02550,152,careers,2026-08-08T08:49:08+05:30,False,5485,2236,2026-08-10,shortlisted,2026-08-22
A02551,318,job_board,2026-08-08T15:40:09+05:30,False,JB-101009,2237,2026-08-10,rejected,
A02552,529,referral,2026-08-08T10:57:33+05:30,False,RF0321,2321,2026-08-17,shortlisted,2026-08-20
A02553,1326,job_board,2026-08-08T08:57:37+05:30,False,JB-101010,2238,2026-08-10,rejected,
A02554,1799,job_board,2026-08-08T09:34:23+05:30,False,JB-101011,2239,2026-08-10,rejected,
A02555,1465,careers,2026-08-08T23:41:01+05:30,True,5486,2240,2026-08-10,hired,2026-08-21
A02556,1358,whatsapp,2026-08-08T17:05:39+05:30,True,919690052885@2026-08-08T17:05,2328,,,
A02557,30,job_board,2026-08-08T16:43:38+05:30,True,JB-101012,2241,2026-08-10,rejected,
A02558,1683,job_board,2026-08-08T12:33:05+05:30,True,JB-101013,2242,2026-08-10,shortlisted,2026-08-17
A02559,1299,careers,2026-08-08T09:54:36+05:30,True,5487,2243,2026-08-10,shortlisted,2026-08-26
A02560,70,whatsapp,2026-08-09T15:25:41+05:30,False,917477197257@2026-08-09T15:25,2397,2026-08-21,rejected,
A02561,95,job_board,2026-08-09T08:26:08+05:30,False,JB-101014,2248,,,
A02562,486,careers,2026-08-09T19:24:33+05:30,False,5488,2249,2026-08-10,rejected,
A02563,511,whatsapp,2026-08-09T23:17:27+05:30,False,919979786919@2026-08-09T23:17,,,,
A02564,872,email,2026-08-09T21:07:36+05:30,False,<cand-00257@mail.gmail.com>,,,,
A02565,910,job_board,2026-08-09T19:29:49+05:30,False,JB-101015,2250,2026-08-10,rejected,
A02566,1273,careers,2026-08-09T09:45:44+05:30,False,5489,2251,2026-08-10,rejected_after_call,2026-08-26
A02567,1682,whatsapp,2026-08-09T18:10:06+05:30,False,917528930383@2026-08-09T18:10,,,,
A02568,1716,job_board,2026-08-09T19:03:18+05:30,False,JB-101016,2252,2026-08-10,rejected,
A02569,1476,job_board,2026-08-09T16:31:25+05:30,True,JB-101017,2253,,,
A02570,1274,job_board,2026-08-09T18:14:23+05:30,True,JB-101018,2254,2026-08-10,rejected,
A02571,1498,job_board,2026-08-09T13:56:48+05:30,True,JB-101019,2255,,,
A02572,1194,careers,2026-08-09T21:08:24+05:30,True,5490,2256,2026-08-10,hired,2026-08-21
A02573,1057,whatsapp,2026-08-09T21:22:31+05:30,True,919204773410@2026-08-09T21:22,2322,2026-08-18,rejected,
A02574,1874,job_board,2026-08-09T12:13:10+05:30,True,JB-101020,2257,2026-08-10,shortlisted,2026-08-19
A02575,81,job_board,2026-08-09T15:13:11+05:30,True,JB-101021,2258,2026-08-10,rejected,
A02576,342,email,2026-08-10T18:48:26+05:30,False,<cand-00258@mail.gmail.com>,2259,2026-08-10,shortlisted,2026-08-14
A02577,490,careers,2026-08-10T14:12:28+05:30,False,5491,2264,2026-08-11,shortlisted,2026-08-24
A02578,750,job_board,2026-08-10T23:09:51+05:30,False,JB-101022,2265,2026-08-11,rejected,
A02579,946,email,2026-08-10T09:57:49+05:30,False,<cand-00259@mail.gmail.com>,2335,2026-08-17,rejected,
A02580,1198,whatsapp,2026-08-10T23:29:01+05:30,False,918419562743@2026-08-10T23:29,,,,
A02581,1512,careers,2026-08-10T10:06:40+05:30,False,5492,2266,2026-08-11,rejected_after_call,2026-08-15
A02582,1891,whatsapp,2026-08-10T17:21:43+05:30,False,918193445801@2026-08-10T17:21,2398,2026-08-21,rejected,
A02583,467,job_board,2026-08-10T18:07:08+05:30,True,JB-101023,2267,2026-08-11,shortlisted,2026-08-17
A02584,1895,job_board,2026-08-10T19:23:07+05:30,True,JB-101024,2268,2026-08-11,shortlisted,2026-08-20
A02585,1275,job_board,2026-08-10T08:12:18+05:30,True,JB-101025,2269,2026-08-11,shortlisted,2026-08-27
A02586,148,job_board,2026-08-10T23:53:29+05:30,True,JB-101026,2270,,,
A02587,506,job_board,2026-08-10T11:25:36+05:30,True,JB-101027,2271,,,
A02588,799,careers,2026-08-10T09:04:06+05:30,True,5493,2272,2026-08-11,shortlisted,2026-08-21
A02589,1500,careers,2026-08-10T11:34:38+05:30,True,5494,2273,2026-08-11,shortlisted,2026-08-20
A02590,816,whatsapp,2026-08-11T10:04:23+05:30,False,918399453407@2026-08-11T10:04,2274,2026-08-11,rejected,
A02591,840,email,2026-08-11T15:01:26+05:30,False,<cand-00260@mail.gmail.com>,2417,,,
A02592,947,referral,2026-08-11T12:23:59+05:30,False,RF0322,2287,2026-08-13,rejected,
A02593,1116,careers,2026-08-11T10:00:17+05:30,False,5495,2276,2026-08-12,shortlisted,2026-08-16
A02594,1570,email,2026-08-11T17:13:15+05:30,False,<cand-00261@mail.gmail.com>,2399,2026-08-21,rejected_after_call,2026-09-05
A02595,1625,job_board,2026-08-11T19:04:35+05:30,False,JB-101028,2277,2026-08-12,rejected,
A02596,1771,careers,2026-08-11T09:11:28+05:30,False,5496,2278,2026-08-12,rejected,
A02597,1939,careers,2026-08-11T18:12:23+05:30,False,5497,2279,,,
A02598,1132,referral,2026-08-11T10:18:29+05:30,True,RF0323,2351,,,
A02599,92,careers,2026-08-11T12:32:57+05:30,True,5498,2280,2026-08-12,shortlisted,2026-08-27
A02600,262,careers,2026-08-11T09:48:01+05:30,True,5499,2281,2026-08-12,rejected,
A02601,384,referral,2026-08-11T18:26:03+05:30,True,RF0324,2323,2026-08-18,shortlisted,2026-09-02
A02602,786,careers,2026-08-11T18:30:00+05:30,True,5500,2282,2026-08-12,rejected,
A02603,1385,job_board,2026-08-11T22:47:16+05:30,True,JB-101029,2283,,,
A02604,1708,careers,2026-08-11T18:42:01+05:30,True,5501,2284,2026-08-12,rejected,
A02605,234,careers,2026-08-12T11:04:59+05:30,False,5502,2288,,,
A02606,236,email,2026-08-12T21:53:06+05:30,False,<cand-00262@mail.gmail.com>,,,,
A02607,248,careers,2026-08-12T17:28:27+05:30,False,5503,2289,,,
A02608,284,whatsapp,2026-08-12T11:58:42+05:30,False,916101043707@2026-08-12T11:58,2290,,,
A02609,388,job_board,2026-08-12T19:52:13+05:30,False,JB-101030,2291,2026-08-13,rejected,
A02610,1036,careers,2026-08-12T10:12:36+05:30,False,5504,2292,2026-08-13,rejected,
A02611,1858,referral,2026-08-12T09:18:01+05:30,False,RF0325,2285,2026-08-12,rejected,
A02612,495,job_board,2026-08-12T15:04:14+05:30,True,JB-101031,2293,,,
A02613,1522,job_board,2026-08-12T14:32:48+05:30,True,JB-101032,2294,2026-08-13,rejected,
A02614,1191,whatsapp,2026-08-12T10:19:55+05:30,True,918775021700@2026-08-12T10:19,2336,2026-08-17,rejected,
A02615,1208,careers,2026-08-12T12:57:30+05:30,True,5505,2295,2026-08-13,hired,2026-08-29
A02616,922,job_board,2026-08-12T09:35:51+05:30,True,JB-101033,2296,2026-08-13,rejected,
A02617,1590,whatsapp,2026-08-12T11:33:37+05:30,True,917316640776@2026-08-12T11:33,2307,2026-08-14,rejected,
A02618,1078,careers,2026-08-12T09:10:54+05:30,True,5506,2297,2026-08-13,rejected,
A02619,1888,job_board,2026-08-12T11:05:47+05:30,True,JB-101034,2298,2026-08-13,hired,2026-08-27
A02620,210,whatsapp,2026-08-13T15:36:08+05:30,False,919620371892@2026-08-13T15:36,2299,2026-08-13,rejected,
A02621,458,referral,2026-08-13T08:35:37+05:30,False,RF0326,2406,2026-08-24,rejected,
A02622,513,job_board,2026-08-13T22:21:44+05:30,False,JB-101035,2308,2026-08-14,rejected,
A02623,526,email,2026-08-13T14:45:23+05:30,False,<cand-00263@mail.gmail.com>,2329,2026-08-17,rejected,
A02624,1253,job_board,2026-08-13T21:56:41+05:30,False,JB-101036,2309,2026-08-14,rejected,
A02625,1390,whatsapp,2026-08-13T15:40:48+05:30,False,917199845470@2026-08-13T15:40,2381,2026-08-20,shortlisted,2026-08-26
A02626,1805,whatsapp,2026-08-13T11:59:35+05:30,False,918538123776@2026-08-13T11:59,,,,
A02627,1940,job_board,2026-08-13T15:47:36+05:30,False,JB-101037,2310,2026-08-14,shortlisted,2026-08-19
A02628,252,careers,2026-08-13T23:26:12+05:30,True,5507,2311,2026-08-14,rejected,
A02629,295,job_board,2026-08-13T23:34:49+05:30,True,JB-101038,2312,2026-08-14,shortlisted,2026-08-16
A02630,1436,referral,2026-08-13T09:56:49+05:30,True,RF0327,,,,
A02631,1271,whatsapp,2026-08-13T14:22:43+05:30,True,918611045978@2026-08-13T14:22,2427,2026-08-24,rejected,
A02632,1062,careers,2026-08-13T22:57:23+05:30,True,5508,2313,2026-08-14,rejected,
A02633,1459,whatsapp,2026-08-13T16:01:51+05:30,True,919200244599@2026-08-13T16:01,2300,,,
A02634,1452,job_board,2026-08-13T22:27:42+05:30,True,JB-101039,2314,2026-08-14,rejected,
A02635,498,referral,2026-08-13T12:17:12+05:30,True,RF0328,2441,2026-08-25,shortlisted,2026-08-29
A02636,853,job_board,2026-08-13T08:11:04+05:30,True,JB-101040,2315,,,
A02637,151,careers,2026-08-13T20:10:05+05:30,True,5509,2316,,,
A02638,1012,careers,2026-08-13T08:00:21+05:30,True,5510,2317,2026-08-14,rejected,
A02639,1879,job_board,2026-08-13T23:08:39+05:30,True,JB-101041,2318,2026-08-14,rejected,
A02640,1294,whatsapp,2026-08-13T16:24:12+05:30,True,919638500427@2026-08-13T16:24,2352,2026-08-18,hired,2026-09-03
A02641,1,referral,2026-08-14T12:15:09+05:30,False,RF0329,,,,
A02642,169,job_board,2026-08-14T10:01:31+05:30,False,JB-101042,2324,2026-08-18,rejected,
A02643,719,whatsapp,2026-08-14T21:56:56+05:30,False,918839545005@2026-08-14T21:56,2453,2026-08-26,rejected,
A02644,882,whatsapp,2026-08-14T11:15:04+05:30,False,919360839975@2026-08-14T11:15,2428,2026-08-24,rejected,
A02645,934,whatsapp,2026-08-14T18:58:16+05:30,False,917861761358@2026-08-14T18:58,2367,2026-08-19,rejected,
A02646,1067,email,2026-08-14T16:38:46+05:30,False,<cand-00264@mail.gmail.com>,,,,
A02647,1289,whatsapp,2026-08-14T14:29:23+05:30,False,918983337232@2026-08-14T14:29,,,,
A02648,1563,whatsapp,2026-08-14T12:35:04+05:30,False,919299209761@2026-08-14T12:35,2407,2026-08-24,hired,2026-08-26
A02649,1834,job_board,2026-08-14T12:33:43+05:30,False,JB-101043,2325,2026-08-18,rejected,
A02650,1936,whatsapp,2026-08-14T23:21:39+05:30,False,919652683786@2026-08-14T23:21,2442,2026-08-25,rejected,
A02651,1314,whatsapp,2026-08-14T16:53:46+05:30,True,918176229690@2026-08-14T16:53,2400,2026-08-21,hired,2026-08-23
A02652,230,email,2026-08-14T11:02:45+05:30,True,<cand-00265@mail.gmail.com>,2353,,,
A02653,832,whatsapp,2026-08-14T08:45:28+05:30,True,916428878068@2026-08-14T08:45,2368,2026-08-19,shortlisted,2026-08-29
A02654,1596,referral,2026-08-14T09:52:53+05:30,True,RF0330,2429,,,
A02655,273,careers,2026-08-14T15:40:14+05:30,True,5511,2326,2026-08-18,rejected_after_call,2026-08-29
W0038,1530,walk_in,2026-08-14T23:53:17+05:30,True,,2301,,,
A02657,105,job_board,2026-08-15T16:16:36+05:30,False,JB-101044,2330,2026-08-17,rejected,
A02658,419,job_board,2026-08-15T11:33:09+05:30,False,JB-101045,2331,,,
A02659,483,email,2026-08-15T08:26:00+05:30,False,<cand-00266@mail.gmail.com>,,,,
A02660,794,job_board,2026-08-15T12:14:29+05:30,False,JB-101046,2332,2026-08-17,rejected,
A02661,1727,whatsapp,2026-08-15T10:33:11+05:30,True,917841917635@2026-08-15T10:33,2369,,,
A02662,1394,job_board,2026-08-15T18:18:18+05:30,True,JB-101047,2333,2026-08-17,rejected,
A02663,1750,job_board,2026-08-15T12:25:01+05:30,True,JB-101048,2334,2026-08-17,rejected,
A02664,108,job_board,2026-08-16T15:10:42+05:30,False,JB-101049,2337,2026-08-17,hired,2026-08-23
A02665,257,careers,2026-08-16T11:52:22+05:30,False,5512,2338,2026-08-17,rejected,
A02666,476,careers,2026-08-16T23:41:19+05:30,False,5513,2339,,,
A02667,770,careers,2026-08-16T16:00:59+05:30,False,5514,2340,2026-08-17,rejected,
A02668,892,job_board,2026-08-16T18:38:47+05:30,False,JB-101050,2341,2026-08-17,shortlisted,2026-08-20
A02669,1144,referral,2026-08-16T11:53:10+05:30,False,RF0331,,,,
A02670,1483,job_board,2026-08-16T15:51:02+05:30,False,JB-101051,2342,2026-08-17,rejected,
A02671,1739,careers,2026-08-16T13:09:32+05:30,False,5515,2343,,,
A02672,102,careers,2026-08-16T22:11:35+05:30,True,5516,2344,,,
A02673,824,email,2026-08-16T16:17:24+05:30,True,<cand-00267@mail.gmail.com>,,,,
A02674,573,job_board,2026-08-16T13:46:47+05:30,True,JB-101052,2345,2026-08-17,shortlisted,2026-08-25
A02675,1473,careers,2026-08-16T10:41:37+05:30,True,5517,2346,,,
A02676,1760,job_board,2026-08-16T18:23:44+05:30,True,JB-101053,2347,,,
A02677,1669,job_board,2026-08-16T12:46:13+05:30,True,JB-101054,2348,2026-08-17,rejected,
A02678,1249,careers,2026-08-16T18:29:57+05:30,True,5518,2349,2026-08-17,rejected,
A02679,1064,job_board,2026-08-17T14:50:08+05:30,False,JB-101055,2354,2026-08-18,hired,2026-08-31
A02680,1077,whatsapp,2026-08-17T18:36:55+05:30,False,918487639941@2026-08-17T18:36,2465,2026-08-27,rejected,
A02681,1220,job_board,2026-08-17T17:10:25+05:30,False,JB-101056,2355,2026-08-18,shortlisted,2026-08-25
A02682,1246,job_board,2026-08-17T10:49:20+05:30,False,JB-101057,2356,,,
A02683,1254,email,2026-08-17T22:55:44+05:30,False,<cand-00268@mail.gmail.com>,2401,,,
A02684,1290,careers,2026-08-17T23:49:58+05:30,False,5519,2357,2026-08-18,rejected,
A02685,1311,job_board,2026-08-17T08:01:23+05:30,False,JB-101058,2358,2026-08-18,rejected_after_call,2026-09-02
A02686,1419,job_board,2026-08-17T08:39:02+05:30,False,JB-101059,2359,2026-08-18,rejected,
A02687,1543,whatsapp,2026-08-17T14:03:54+05:30,False,918952796486@2026-08-17T14:03,2443,2026-08-25,rejected,
A02688,1648,careers,2026-08-17T08:23:23+05:30,False,5520,2360,2026-08-18,rejected,
A02689,1021,job_board,2026-08-17T10:25:13+05:30,True,JB-101060,2361,,,
A02690,1310,job_board,2026-08-17T20:00:39+05:30,True,JB-101061,2362,2026-08-18,rejected,
A02691,731,careers,2026-08-17T09:26:19+05:30,True,5521,2363,2026-08-18,shortlisted,2026-09-01
A02692,1847,careers,2026-08-17T19:39:43+05:30,True,5522,2364,,,
A02693,530,job_board,2026-08-18T16:01:07+05:30,False,JB-101062,2370,2026-08-19,shortlisted,2026-08-29
A02694,558,job_board,2026-08-18T11:55:46+05:30,False,JB-101063,2371,2026-08-19,rejected,
A02695,841,job_board,2026-08-18T20:13:42+05:30,False,JB-101064,2372,,,
A02696,1380,careers,2026-08-18T12:21:41+05:30,False,5523,2373,2026-08-19,rejected,
A02697,1705,whatsapp,2026-08-18T15:35:17+05:30,False,917952571186@2026-08-18T15:35,2382,2026-08-20,rejected,
A02698,1837,careers,2026-08-18T08:01:05+05:30,False,5524,2374,2026-08-19,rejected,
A02699,1870,job_board,2026-08-18T21:54:44+05:30,False,JB-101065,2375,2026-08-19,rejected,
A02700,69,careers,2026-08-18T14:47:09+05:30,True,5525,2376,,,
A02701,614,email,2026-08-18T20:05:07+05:30,True,<cand-00269@mail.gmail.com>,2500,,,
A02702,308,job_board,2026-08-18T15:25:56+05:30,True,JB-101066,2377,2026-08-19,rejected,
A02703,1933,job_board,2026-08-18T09:10:29+05:30,True,JB-101067,2378,2026-08-19,shortlisted,2026-08-28
A02704,527,job_board,2026-08-18T16:50:34+05:30,True,JB-101068,2379,,,
A02705,471,email,2026-08-18T22:09:02+05:30,True,<cand-00270@mail.gmail.com>,2383,2026-08-20,rejected,
A02706,153,email,2026-08-19T17:54:43+05:30,False,<cand-00271@mail.gmail.com>,2418,2026-08-24,rejected,
A02707,160,whatsapp,2026-08-19T08:32:19+05:30,False,916887559084@2026-08-19T08:32,,,,
A02708,220,careers,2026-08-19T19:49:27+05:30,False,5526,2384,,,
A02709,239,careers,2026-08-19T15:50:52+05:30,False,5527,2385,,,
A02710,885,job_board,2026-08-19T14:17:16+05:30,False,JB-101069,2386,2026-08-20,shortlisted,2026-08-30
A02711,927,referral,2026-08-19T23:16:32+05:30,False,RF0332,,,,
A02712,1503,job_board,2026-08-19T15:27:54+05:30,False,JB-101070,2387,2026-08-20,rejected,
A02713,1681,careers,2026-08-19T20:42:37+05:30,False,5528,2388,,,
A02714,1850,job_board,2026-08-19T22:13:45+05:30,False,JB-101071,2389,2026-08-20,rejected,
A02715,279,careers,2026-08-19T19:07:52+05:30,True,5529,2390,2026-08-20,hired,2026-08-27
A02716,1022,job_board,2026-08-19T23:49:27+05:30,True,JB-101072,2391,2026-08-20,rejected,
A02717,1764,job_board,2026-08-19T09:58:49+05:30,True,JB-101073,2392,,,
A02718,13,careers,2026-08-19T16:11:29+05:30,True,5530,2393,2026-08-20,rejected,
A02719,1360,whatsapp,2026-08-19T08:07:36+05:30,True,919391978712@2026-08-19T08:07,,,,
A02720,655,careers,2026-08-19T11:42:25+05:30,True,5531,2394,2026-08-20,shortlisted,2026-08-28
A02721,441,job_board,2026-08-19T10:32:31+05:30,True,JB-101074,2395,,,
A02722,154,email,2026-08-20T19:55:43+05:30,False,<cand-00272@mail.gmail.com>,2430,,,
A02723,334,careers,2026-08-20T11:55:22+05:30,False,5532,2402,2026-08-21,shortlisted,2026-09-05
A02724,339,careers,2026-08-20T20:36:33+05:30,False,5533,2403,2026-08-21,rejected,
A02725,793,job_board,2026-08-20T09:48:07+05:30,False,JB-101075,2404,,,
A02726,1054,email,2026-08-20T09:48:39+05:30,False,<cand-00273@mail.gmail.com>,2431,2026-08-24,rejected,
A02727,1060,whatsapp,2026-08-20T19:43:25+05:30,False,916294535474@2026-08-20T19:43,2501,2026-08-31,rejected_after_call,2026-09-06
A02728,1919,whatsapp,2026-08-20T09:16:05+05:30,True,918322363433@2026-08-20T09:16,2432,2026-08-24,shortlisted,2026-08-26
A02729,185,job_board,2026-08-20T08:22:45+05:30,True,JB-101076,2405,2026-08-21,rejected,
A02730,1402,referral,2026-08-20T08:53:38+05:30,True,RF0333,2490,,,
A02731,1306,email,2026-08-20T19:06:20+05:30,True,<cand-00274@mail.gmail.com>,2512,2026-08-31,rejected,
A02732,1309,whatsapp,2026-08-20T12:00:20+05:30,True,918306130889@2026-08-20T12:00,2396,2026-08-20,rejected,
W0039,1778,walk_in,2026-08-20T09:58:59+05:30,True,,2380,2026-08-20,rejected,
A02734,489,referral,2026-08-21T08:01:23+05:30,False,RF0334,,,,
A02735,1019,job_board,2026-08-21T23:04:57+05:30,False,JB-101077,2408,,,
A02736,1167,job_board,2026-08-21T22:58:32+05:30,False,JB-101078,2409,2026-08-24,rejected,
A02737,1236,job_board,2026-08-21T15:25:58+05:30,False,JB-101079,2410,2026-08-24,rejected_after_call,2026-09-09
A02738,1609,careers,2026-08-21T19:46:25+05:30,False,5534,2411,,,
A02739,1761,whatsapp,2026-08-21T11:58:12+05:30,False,919531126898@2026-08-21T11:58,2522,2026-09-01,rejected,
A02740,1768,whatsapp,2026-08-21T10:43:15+05:30,False,919893628139@2026-08-21T10:43,,,,
A02741,1865,job_board,2026-08-21T16:15:20+05:30,False,JB-101080,2413,,,
A02742,1494,job_board,2026-08-21T23:12:05+05:30,True,JB-101081,2414,,,
A02743,1186,job_board,2026-08-21T09:29:41+05:30,True,JB-101082,2415,2026-08-25,rejected_after_call,2026-09-07
A02744,748,job_board,2026-08-21T21:57:15+05:30,True,JB-101083,2416,,,
A02745,1921,whatsapp,2026-08-21T09:51:38+05:30,True,917156790279@2026-08-21T09:51,2444,,,
A02746,1351,whatsapp,2026-08-21T21:54:09+05:30,True,916054061992@2026-08-21T21:54,,,,
A02747,124,careers,2026-08-22T15:56:29+05:30,False,5535,2419,2026-08-24,rejected,
A02748,449,job_board,2026-08-22T21:45:49+05:30,False,JB-101084,2420,2026-08-24,rejected,
A02749,1248,whatsapp,2026-08-22T22:18:15+05:30,False,919561875482@2026-08-22T22:18,,,,
A02750,1576,email,2026-08-22T21:36:21+05:30,False,<cand-00275@mail.gmail.com>,2445,2026-08-25,rejected,
A02751,1745,careers,2026-08-22T22:17:37+05:30,False,5536,2421,2026-08-24,hired,2026-08-26
A02752,1913,referral,2026-08-22T08:33:25+05:30,True,RF0335,2502,2026-08-31,rejected,
A02753,806,job_board,2026-08-22T14:20:58+05:30,True,JB-101085,2422,2026-08-24,hired,2026-09-04
A02754,1817,job_board,2026-08-22T10:24:40+05:30,True,JB-101086,2423,,,
A02755,1122,email,2026-08-22T15:17:21+05:30,True,<cand-00276@mail.gmail.com>,2503,2026-08-31,rejected,
A02756,936,job_board,2026-08-22T17:41:44+05:30,True,JB-101087,2424,2026-08-24,rejected,
A02757,425,email,2026-08-23T16:24:44+05:30,False,<cand-00277@mail.gmail.com>,,,,
A02758,535,email,2026-08-23T14:22:01+05:30,False,<cand-00278@mail.gmail.com>,2523,2026-09-01,rejected,
A02759,959,job_board,2026-08-23T15:12:38+05:30,False,JB-101088,2433,2026-08-24,rejected,
A02760,1147,careers,2026-08-23T16:20:09+05:30,False,5537,2434,2026-08-24,rejected,
A02761,1423,whatsapp,2026-08-23T23:08:58+05:30,False,919574598422@2026-08-23T23:08,2425,2026-08-24,rejected_after_call,2026-08-27
A02762,1615,job_board,2026-08-23T23:46:58+05:30,False,JB-101089,2435,,,
A02763,1723,careers,2026-08-23T23:56:05+05:30,False,5538,2436,2026-08-24,rejected,
A02764,1777,job_board,2026-08-23T08:15:27+05:30,False,JB-101090,2437,2026-08-24,rejected_after_call,2026-09-06
A02765,1905,job_board,2026-08-23T15:17:15+05:30,False,JB-101091,2438,2026-08-24,rejected,
A02766,269,email,2026-08-23T14:22:19+05:30,True,<cand-00279@mail.gmail.com>,2426,2026-08-24,rejected,
A02767,1404,job_board,2026-08-23T17:47:01+05:30,True,JB-101092,2439,2026-08-24,rejected,
A02768,1081,careers,2026-08-23T09:46:49+05:30,True,5539,2440,2026-08-24,rejected,
A02769,80,whatsapp,2026-08-24T16:42:33+05:30,False,917522327049@2026-08-24T16:42,,,,
A02770,109,job_board,2026-08-24T22:40:35+05:30,False,JB-101093,2446,2026-08-25,rejected_after_call,2026-08-29
A02771,228,whatsapp,2026-08-24T21:27:51+05:30,False,916947882713@2026-08-24T21:27,2524,2026-09-01,rejected,
A02772,405,email,2026-08-24T16:33:11+05:30,False,<cand-00280@mail.gmail.com>,,,,
A02773,409,referral,2026-08-24T17:55:33+05:30,False,RF0336,,,,
A02774,1383,job_board,2026-08-24T13:21:17+05:30,False,JB-101094,2447,2026-08-25,hired,2026-08-29
A02775,1422,referral,2026-08-24T22:26:26+05:30,False,RF0337,2525,2026-09-01,rejected,
A02776,1495,job_board,2026-08-24T11:40:47+05:30,False,JB-101095,2448,2026-08-25,rejected,
A02777,1754,referral,2026-08-24T15:58:30+05:30,False,RF0338,,,,
A02778,1694,careers,2026-08-24T23:06:53+05:30,True,5540,2449,2026-08-25,rejected,
A02779,1197,job_board,2026-08-24T20:11:47+05:30,True,JB-101096,2450,,,
A02780,452,whatsapp,2026-08-24T15:01:33+05:30,True,919672316628@2026-08-24T15:01,,,,
A02781,1102,referral,2026-08-24T12:24:13+05:30,True,RF0339,2532,2026-09-02,rejected,
A02782,266,job_board,2026-08-24T14:57:27+05:30,True,JB-101097,2452,,,
A02783,39,job_board,2026-08-25T09:34:58+05:30,False,JB-101098,2454,2026-08-26,rejected,
A02784,224,whatsapp,2026-08-25T16:12:29+05:30,False,917222442591@2026-08-25T16:12,,,,
A02785,519,whatsapp,2026-08-25T23:07:23+05:30,False,918816952171@2026-08-25T23:07,,,,
A02786,620,job_board,2026-08-25T12:01:46+05:30,False,JB-101099,2456,2026-08-26,rejected,
A02787,833,job_board,2026-08-25T11:00:05+05:30,False,JB-101100,2457,,,
A02788,958,careers,2026-08-25T19:10:37+05:30,False,5541,2458,2026-08-26,shortlisted,2026-09-04
A02789,1008,whatsapp,2026-08-25T15:50:50+05:30,False,918622763556@2026-08-25T15:50,,,,
A02790,1154,job_board,2026-08-25T12:18:10+05:30,False,JB-101101,2459,2026-08-26,shortlisted,2026-09-03
A02791,1234,referral,2026-08-25T09:16:21+05:30,False,RF0340,2477,2026-08-28,shortlisted,2026-08-30
A02792,1469,whatsapp,2026-08-25T11:15:52+05:30,False,918968051624@2026-08-25T11:15,2478,2026-08-28,rejected,
A02793,1581,whatsapp,2026-08-25T21:53:56+05:30,False,918644200416@2026-08-25T21:53,2460,2026-08-26,hired,2026-09-06
A02794,1587,whatsapp,2026-08-25T20:52:46+05:30,False,917390528724@2026-08-25T20:52,2534,2026-09-03,shortlisted,2026-09-15
A02795,1924,whatsapp,2026-08-25T16:56:15+05:30,True,916934237081@2026-08-25T16:56,2513,,,
A02796,1241,referral,2026-08-25T14:16:48+05:30,True,RF0341,,,,
A02797,1215,careers,2026-08-25T10:05:13+05:30,True,5542,2461,2026-08-26,rejected,
A02798,629,job_board,2026-08-25T15:37:48+05:30,True,JB-101102,2462,2026-08-26,rejected,
A02799,1283,careers,2026-08-25T08:34:31+05:30,True,5543,2463,2026-08-26,rejected,
A02800,730,whatsapp,2026-08-25T10:28:32+05:30,True,916423989297@2026-08-25T10:28,,,,
A02801,1912,careers,2026-08-25T17:06:54+05:30,True,5544,2464,2026-08-26,rejected,
A02802,830,whatsapp,2026-08-26T22:32:22+05:30,False,918260424073@2026-08-26T22:32,2540,,,
A02803,860,job_board,2026-08-26T16:02:58+05:30,False,JB-101103,2466,,,
A02804,937,whatsapp,2026-08-26T15:01:23+05:30,False,918918161923@2026-08-26T15:01,,,,
A02805,1393,careers,2026-08-26T11:58:52+05:30,False,5545,2467,2026-08-27,rejected,
A02806,1414,job_board,2026-08-26T20:55:10+05:30,False,JB-101104,2468,2026-08-27,shortlisted,2026-09-06
A02807,1658,careers,2026-08-26T08:30:37+05:30,False,5546,2469,2026-08-27,rejected,
A02808,1741,careers,2026-08-26T22:04:51+05:30,False,5547,2470,2026-08-27,rejected,
A02809,1813,whatsapp,2026-08-26T21:55:33+05:30,False,918583102597@2026-08-26T21:55,2542,2026-09-07,rejected_after_call,2026-09-20
A02810,797,job_board,2026-08-26T19:44:00+05:30,True,JB-101105,2471,2026-08-27,rejected,
A02811,1187,careers,2026-08-26T16:04:22+05:30,True,5548,2472,,,
A02812,1695,job_board,2026-08-26T08:02:37+05:30,True,JB-101106,2473,2026-08-27,rejected,
A02813,678,referral,2026-08-26T22:40:47+05:30,True,RF0342,,,,
A02814,45,job_board,2026-08-26T08:33:12+05:30,True,JB-101107,2474,2026-08-27,rejected,
A02815,965,job_board,2026-08-26T11:00:09+05:30,True,JB-101108,2475,2026-08-27,rejected,
A02816,1885,whatsapp,2026-08-26T22:14:07+05:30,True,917244825916@2026-08-26T22:14,2514,,,
A02817,969,referral,2026-08-26T08:32:41+05:30,True,RF0343,,,,
A02818,1058,job_board,2026-08-26T17:42:33+05:30,True,JB-101109,2476,2026-08-27,rejected,
A02819,125,careers,2026-08-27T16:43:05+05:30,False,5549,2479,2026-08-28,shortlisted,2026-09-11
A02820,387,careers,2026-08-27T15:39:21+05:30,False,5550,2480,,,
A02821,955,job_board,2026-08-27T15:39:50+05:30,False,JB-101110,2481,2026-08-28,shortlisted,2026-09-08
A02822,982,referral,2026-08-27T16:02:48+05:30,False,RF0344,,,,
A02823,983,careers,2026-08-27T21:09:30+05:30,False,5551,2482,,,
A02824,1168,job_board,2026-08-27T10:32:56+05:30,False,JB-101111,2483,2026-08-28,rejected,
A02825,1262,whatsapp,2026-08-27T08:16:13+05:30,False,916403343878@2026-08-27T08:16,2484,2026-08-28,rejected,
A02826,825,careers,2026-08-27T23:55:02+05:30,True,5552,2485,2026-08-28,rejected,
A02827,953,job_board,2026-08-27T17:10:23+05:30,True,JB-101112,2486,,,
A02828,1706,job_board,2026-08-27T14:13:26+05:30,True,JB-101113,2487,,,
A02829,241,job_board,2026-08-27T17:04:15+05:30,True,JB-101114,2488,2026-08-28,rejected,
A02830,857,job_board,2026-08-27T16:20:20+05:30,True,JB-101115,2489,,,
A02831,73,referral,2026-08-28T21:00:11+05:30,False,RF0345,,,,
A02832,143,careers,2026-08-28T22:14:26+05:30,False,5553,2491,2026-08-31,rejected,
A02833,443,job_board,2026-08-28T23:40:09+05:30,False,JB-101116,2492,2026-08-31,rejected,
A02834,1120,job_board,2026-08-28T09:32:48+05:30,False,JB-101117,2493,2026-09-01,rejected,
A02835,1338,careers,2026-08-28T09:25:48+05:30,False,5554,2494,2026-09-01,rejected,
A02836,1628,job_board,2026-08-28T15:30:58+05:30,False,JB-101118,2495,2026-09-01,rejected,
A02837,1729,job_board,2026-08-28T09:22:18+05:30,False,JB-101119,2496,2026-09-01,rejected,
A02838,327,job_board,2026-08-28T19:10:45+05:30,True,JB-101120,2497,,,
A02839,1295,job_board,2026-08-28T17:57:41+05:30,True,JB-101121,2498,,,
A02840,540,job_board,2026-08-28T22:47:29+05:30,True,JB-101122,2499,2026-09-01,rejected,
A02841,497,email,2026-08-28T19:21:48+05:30,True,<cand-00281@mail.gmail.com>,,,,
A02842,215,referral,2026-08-29T16:36:27+05:30,False,RF0346,2543,2026-09-08,rejected,
A02843,217,job_board,2026-08-29T19:36:37+05:30,False,JB-101123,2504,2026-08-31,rejected,
A02844,598,job_board,2026-08-29T23:18:07+05:30,False,JB-101124,2505,2026-08-31,rejected,
A02845,804,whatsapp,2026-08-29T17:26:50+05:30,False,917164072389@2026-08-29T17:26,2526,,,
A02846,1199,careers,2026-08-29T18:57:15+05:30,False,5555,2506,2026-08-31,rejected,
A02847,1260,referral,2026-08-29T22:09:59+05:30,False,RF0347,,,,
A02848,1542,careers,2026-08-29T22:22:01+05:30,False,5556,2507,2026-08-31,hired,2026-09-14
A02849,1697,email,2026-08-29T13:19:59+05:30,False,<cand-00282@mail.gmail.com>,2545,2026-09-09,rejected,
A02850,1765,careers,2026-08-29T16:46:13+05:30,False,5557,2508,2026-08-31,rejected,
A02851,1820,careers,2026-08-29T16:46:18+05:30,True,5558,2509,2026-08-31,rejected,
A02852,1466,email,2026-08-29T12:17:01+05:30,True,<cand-00283@mail.gmail.com>,2537,,,
A02853,1619,job_board,2026-08-29T16:35:00+05:30,True,JB-101125,2510,2026-08-31,rejected,
A02854,408,whatsapp,2026-08-29T11:35:32+05:30,True,919962845233@2026-08-29T11:35,2546,,,
A02855,94,job_board,2026-08-30T18:09:57+05:30,False,JB-101126,2515,2026-08-31,rejected,
A02856,274,job_board,2026-08-30T23:23:54+05:30,False,JB-101127,2516,,,
A02857,292,whatsapp,2026-08-30T14:01:39+05:30,False,916151038357@2026-08-30T14:01,2535,2026-09-03,rejected,
A02858,371,careers,2026-08-30T23:49:04+05:30,False,5559,2517,2026-08-31,shortlisted,2026-09-02
A02859,661,email,2026-08-30T09:46:03+05:30,False,<cand-00284@mail.gmail.com>,2547,,,
A02860,796,job_board,2026-08-30T11:38:42+05:30,False,JB-101128,2518,2026-08-31,shortlisted,2026-09-09
A02861,978,careers,2026-08-30T13:51:56+05:30,False,5560,2519,2026-08-31,shortlisted,2026-09-15
A02862,1364,job_board,2026-08-30T10:08:54+05:30,False,JB-101129,2520,2026-08-31,rejected,
A02863,869,job_board,2026-08-30T16:43:38+05:30,True,JB-101130,2521,,,
A02864,1115,referral,2026-08-30T11:03:58+05:30,True,RF0348,,,,
A02865,1801,whatsapp,2026-08-30T11:17:12+05:30,True,917111703459@2026-08-30T11:17,2511,2026-08-31,shortlisted,2026-09-06
A02866,1929,whatsapp,2026-08-30T09:44:16+05:30,True,917263191492@2026-08-30T09:44,2538,2026-09-04,rejected,
A02867,357,careers,2026-08-31T10:37:48+05:30,False,5561,2527,2026-09-01,rejected,
A02868,377,job_board,2026-08-31T20:59:43+05:30,False,JB-101131,2528,2026-09-01,rejected,
A02869,438,referral,2026-08-31T18:15:54+05:30,False,RF0349,,,,
A02870,954,whatsapp,2026-08-31T21:25:57+05:30,False,918092548730@2026-08-31T21:25,2541,,,
A02871,1440,whatsapp,2026-08-31T20:35:58+05:30,False,917635997510@2026-08-31T20:35,2539,2026-09-04,rejected,
A02872,1517,job_board,2026-08-31T17:42:04+05:30,False,JB-101132,2529,2026-09-01,shortlisted,2026-09-13
A02873,1556,email,2026-08-31T22:40:54+05:30,False,<cand-00285@mail.gmail.com>,2533,2026-09-02,rejected,
A02874,1608,careers,2026-08-31T11:15:02+05:30,False,5562,2530,2026-09-01,shortlisted,2026-09-15
A02875,1654,whatsapp,2026-08-31T08:17:21+05:30,False,919683588315@2026-08-31T08:17,2536,,,
A02876,1605,referral,2026-08-31T22:21:39+05:30,True,RF0350,2544,2026-09-08,rejected,
A02877,157,whatsapp,2026-08-31T21:38:22+05:30,True,919344464936@2026-08-31T21:38,2548,2026-09-11,rejected_after_call,2026-09-19
A02878,919,email,2026-08-31T15:29:59+05:30,True,<cand-00286@mail.gmail.com>,,,,
A02879,1544,job_board,2026-08-31T09:09:01+05:30,True,JB-101133,2531,2026-09-01,rejected_after_call,2026-09-17
A02880,296,email,2026-08-31T17:28:03+05:30,True,<cand-00287@mail.gmail.com>,2549,2026-09-14,rejected,
